best_rank,average_rank,worst_rank,line,score,ef,ep,nf,np,faulty,source
1,21.0,41,1992,1.000000000000,1,0,0,4,False,case XML_SUSPENDED:
1,21.0,41,1993,1.000000000000,1,0,0,4,False,result = XML_STATUS_SUSPENDED;
1,21.0,41,1994,1.000000000000,1,0,0,4,False,break;
1,21.0,41,2005,1.000000000000,1,0,0,4,False,"XmlUpdatePosition(parser->m_encoding, parser->m_positionPtr, parser->m_bufferPtr, &parser->m_position);"
1,21.0,41,2006,1.000000000000,1,0,0,4,False,parser->m_positionPtr = parser->m_bufferPtr;
1,21.0,41,2007,1.000000000000,1,0,0,4,False,return result;
1,21.0,41,2109,1.000000000000,1,0,0,4,False,"XML_StopParser(XML_Parser parser, XML_Bool resumable)"
1,21.0,41,2111,1.000000000000,1,0,0,4,False,if (parser == NULL)
1,21.0,41,2113,1.000000000000,1,0,0,4,False,switch (parser->m_parsingStatus.parsing) {
1,21.0,41,2124,1.000000000000,1,0,0,4,False,default:
1,21.0,41,2125,1.000000000000,1,0,0,4,False,if (resumable) {
1,21.0,41,2127,1.000000000000,1,0,0,4,False,if (parser->m_isParamEntity) {
1,21.0,41,2132,1.000000000000,1,0,0,4,False,parser->m_parsingStatus.parsing = XML_SUSPENDED;
1,21.0,41,2137,1.000000000000,1,0,0,4,False,return XML_STATUS_OK;
1,21.0,41,2141,1.000000000000,1,0,0,4,False,XML_ResumeParser(XML_Parser parser)
1,21.0,41,2143,1.000000000000,1,0,0,4,False,enum XML_Status result = XML_STATUS_OK;
1,21.0,41,2145,1.000000000000,1,0,0,4,False,if (parser == NULL)
1,21.0,41,2147,1.000000000000,1,0,0,4,False,if (parser->m_parsingStatus.parsing != XML_SUSPENDED) {
1,21.0,41,2151,1.000000000000,1,0,0,4,False,parser->m_parsingStatus.parsing = XML_PARSING;
1,21.0,41,2153,1.000000000000,1,0,0,4,False,"parser->m_errorCode = parser->m_processor(parser, parser->m_bufferPtr, parser->m_parseEndPtr, &parser->m_bufferPtr);"
1,21.0,41,2155,1.000000000000,1,0,0,4,False,if (parser->m_errorCode != XML_ERROR_NONE) {
1,21.0,41,2156,1.000000000000,1,0,0,4,False,parser->m_eventEndPtr = parser->m_eventPtr;
1,21.0,41,2157,1.000000000000,1,0,0,4,False,parser->m_processor = errorProcessor;
1,21.0,41,2158,1.000000000000,1,0,0,4,False,return XML_STATUS_ERROR;
1,21.0,41,2190,1.000000000000,1,0,0,4,False,XML_GetErrorCode(XML_Parser parser)
1,21.0,41,2192,1.000000000000,1,0,0,4,False,if (parser == NULL)
1,21.0,41,2194,1.000000000000,1,0,0,4,False,return parser->m_errorCode;
1,21.0,41,2309,1.000000000000,1,0,0,4,False,XML_ErrorString(enum XML_Error code)
1,21.0,41,2311,1.000000000000,1,0,0,4,False,switch (code) {
1,21.0,41,2318,1.000000000000,1,0,0,4,False,case XML_ERROR_NO_ELEMENTS:
1,21.0,41,2319,1.000000000000,1,0,0,4,False,"return XML_L(""no element found"");"
1,21.0,41,2706,1.000000000000,1,0,0,4,False,case XML_TOK_NONE:
1,21.0,41,2707,1.000000000000,1,0,0,4,False,if (haveMore) {
1,21.0,41,2711,1.000000000000,1,0,0,4,False,if (startTagLevel > 0) {
1,21.0,41,2717,1.000000000000,1,0,0,4,False,return XML_ERROR_NO_ELEMENTS;
1,21.0,41,2915,1.000000000000,1,0,0,4,False,break;
1,21.0,41,3104,1.000000000000,1,0,0,4,False,*eventPP = s = next;
1,21.0,41,3105,1.000000000000,1,0,0,4,False,switch (parser->m_parsingStatus.parsing) {
1,21.0,41,3106,1.000000000000,1,0,0,4,False,case XML_SUSPENDED:
1,21.0,41,3107,1.000000000000,1,0,0,4,False,*nextPtr = next;
1,21.0,41,3108,1.000000000000,1,0,0,4,False,return XML_ERROR_NONE;
42,283.5,525,653,0.447213595500,1,4,0,0,False,XML_ParserCreate(const XML_Char *encodingName)
42,283.5,525,655,0.447213595500,1,4,0,0,False,"return XML_ParserCreate_MM(encodingName, NULL, NULL);"
42,283.5,525,831,0.447213595500,1,4,0,0,False,"ENTROPY_DEBUG(const char * label, unsigned long entropy) {"
42,283.5,525,832,0.447213595500,1,4,0,0,False,"const char * const EXPAT_ENTROPY_DEBUG = getenv(""EXPAT_ENTROPY_DEBUG"");"
42,283.5,525,833,0.447213595500,1,4,0,0,False,"if (EXPAT_ENTROPY_DEBUG && ! strcmp(EXPAT_ENTROPY_DEBUG, ""1"")) {"
42,283.5,525,839,0.447213595500,1,4,0,0,False,return entropy;
42,283.5,525,843,0.447213595500,1,4,0,0,False,generate_hash_secret_salt(XML_Parser parser)
42,283.5,525,850,0.447213595500,1,4,0,0,False,"arc4random_buf(&entropy, sizeof(entropy));"
42,283.5,525,851,0.447213595500,1,4,0,0,False,"return ENTROPY_DEBUG(""arc4random_buf"", entropy);"
42,283.5,525,887,0.447213595500,1,4,0,0,False,get_hash_secret_salt(XML_Parser parser) {
42,283.5,525,888,0.447213595500,1,4,0,0,False,if (parser->m_parentParser != NULL)
42,283.5,525,890,0.447213595500,1,4,0,0,False,return parser->m_hash_secret_salt;
42,283.5,525,894,0.447213595500,1,4,0,0,False,startParsing(XML_Parser parser)
42,283.5,525,897,0.447213595500,1,4,0,0,False,if (parser->m_hash_secret_salt == 0)
42,283.5,525,898,0.447213595500,1,4,0,0,False,parser->m_hash_secret_salt = generate_hash_secret_salt(parser);
42,283.5,525,899,0.447213595500,1,4,0,0,False,if (parser->m_ns) {
42,283.5,525,905,0.447213595500,1,4,0,0,False,return XML_TRUE;
42,283.5,525,909,0.447213595500,1,4,0,0,False,"XML_ParserCreate_MM(const XML_Char *encodingName,"
42,283.5,525,913,0.447213595500,1,4,0,0,False,"return parserCreate(encodingName, memsuite, nameSep, NULL);"
42,283.5,525,917,0.447213595500,1,4,0,0,False,"parserCreate(const XML_Char *encodingName,"
42,283.5,525,924,0.447213595500,1,4,0,0,False,if (memsuite) {
42,283.5,525,937,0.447213595500,1,4,0,0,False,parser = (XML_Parser)malloc(sizeof(struct XML_ParserStruct));
42,283.5,525,938,0.447213595500,1,4,0,0,False,if (parser != NULL) {
42,283.5,525,939,0.447213595500,1,4,0,0,False,mtemp = (XML_Memory_Handling_Suite *)&(parser->m_mem);
42,283.5,525,940,0.447213595500,1,4,0,0,False,mtemp->malloc_fcn = malloc;
42,283.5,525,941,0.447213595500,1,4,0,0,False,mtemp->realloc_fcn = realloc;
42,283.5,525,942,0.447213595500,1,4,0,0,False,mtemp->free_fcn = free;
42,283.5,525,946,0.447213595500,1,4,0,0,False,if (!parser)
42,283.5,525,949,0.447213595500,1,4,0,0,False,parser->m_buffer = NULL;
42,283.5,525,950,0.447213595500,1,4,0,0,False,parser->m_bufferLim = NULL;
42,283.5,525,952,0.447213595500,1,4,0,0,False,parser->m_attsSize = INIT_ATTS_SIZE;
42,283.5,525,953,0.447213595500,1,4,0,0,False,"parser->m_atts = (ATTRIBUTE *)MALLOC(parser, parser->m_attsSize * sizeof(ATTRIBUTE));"
42,283.5,525,954,0.447213595500,1,4,0,0,False,if (parser->m_atts == NULL) {
42,283.5,525,966,0.447213595500,1,4,0,0,False,"parser->m_dataBuf = (XML_Char *)MALLOC(parser, INIT_DATA_BUF_SIZE * sizeof(XML_Char));"
42,283.5,525,967,0.447213595500,1,4,0,0,False,if (parser->m_dataBuf == NULL) {
42,283.5,525,975,0.447213595500,1,4,0,0,False,parser->m_dataBufEnd = parser->m_dataBuf + INIT_DATA_BUF_SIZE;
42,283.5,525,977,0.447213595500,1,4,0,0,False,if (dtd)
42,283.5,525,980,0.447213595500,1,4,0,0,False,parser->m_dtd = dtdCreate(&parser->m_mem);
42,283.5,525,981,0.447213595500,1,4,0,0,False,if (parser->m_dtd == NULL) {
42,283.5,525,992,0.447213595500,1,4,0,0,False,parser->m_freeBindingList = NULL;
42,283.5,525,993,0.447213595500,1,4,0,0,False,parser->m_freeTagList = NULL;
42,283.5,525,994,0.447213595500,1,4,0,0,False,parser->m_freeInternalEntities = NULL;
42,283.5,525,996,0.447213595500,1,4,0,0,False,parser->m_groupSize = 0;
42,283.5,525,997,0.447213595500,1,4,0,0,False,parser->m_groupConnector = NULL;
42,283.5,525,999,0.447213595500,1,4,0,0,False,parser->m_unknownEncodingHandler = NULL;
42,283.5,525,1000,0.447213595500,1,4,0,0,False,parser->m_unknownEncodingHandlerData = NULL;
42,283.5,525,1002,0.447213595500,1,4,0,0,False,parser->m_namespaceSeparator = ASCII_EXCL;
42,283.5,525,1003,0.447213595500,1,4,0,0,False,parser->m_ns = XML_FALSE;
42,283.5,525,1004,0.447213595500,1,4,0,0,False,parser->m_ns_triplets = XML_FALSE;
42,283.5,525,1006,0.447213595500,1,4,0,0,False,parser->m_nsAtts = NULL;
42,283.5,525,1007,0.447213595500,1,4,0,0,False,parser->m_nsAttsVersion = 0;
42,283.5,525,1008,0.447213595500,1,4,0,0,False,parser->m_nsAttsPower = 0;
42,283.5,525,1010,0.447213595500,1,4,0,0,False,parser->m_protocolEncodingName = NULL;
42,283.5,525,1012,0.447213595500,1,4,0,0,False,"poolInit(&parser->m_tempPool, &(parser->m_mem));"
42,283.5,525,1013,0.447213595500,1,4,0,0,False,"poolInit(&parser->m_temp2Pool, &(parser->m_mem));"
42,283.5,525,1014,0.447213595500,1,4,0,0,False,"parserInit(parser, encodingName);"
42,283.5,525,1016,0.447213595500,1,4,0,0,False,if (encodingName && !parser->m_protocolEncodingName) {
42,283.5,525,1021,0.447213595500,1,4,0,0,False,if (nameSep) {
42,283.5,525,1027,0.447213595500,1,4,0,0,False,parser->m_internalEncoding = XmlGetInternalEncoding();
42,283.5,525,1030,0.447213595500,1,4,0,0,False,return parser;
42,283.5,525,1034,0.447213595500,1,4,0,0,False,"parserInit(XML_Parser parser, const XML_Char *encodingName)"
42,283.5,525,1036,0.447213595500,1,4,0,0,False,parser->m_processor = prologInitProcessor;
42,283.5,525,1037,0.447213595500,1,4,0,0,False,XmlPrologStateInit(&parser->m_prologState);
42,283.5,525,1038,0.447213595500,1,4,0,0,False,if (encodingName != NULL) {
42,283.5,525,1041,0.447213595500,1,4,0,0,False,parser->m_curBase = NULL;
42,283.5,525,1042,0.447213595500,1,4,0,0,False,"XmlInitEncoding(&parser->m_initEncoding, &parser->m_encoding, 0);"
42,283.5,525,1043,0.447213595500,1,4,0,0,False,parser->m_userData = NULL;
42,283.5,525,1044,0.447213595500,1,4,0,0,False,parser->m_handlerArg = NULL;
42,283.5,525,1045,0.447213595500,1,4,0,0,False,parser->m_startElementHandler = NULL;
42,283.5,525,1046,0.447213595500,1,4,0,0,False,parser->m_endElementHandler = NULL;
42,283.5,525,1047,0.447213595500,1,4,0,0,False,parser->m_characterDataHandler = NULL;
42,283.5,525,1048,0.447213595500,1,4,0,0,False,parser->m_processingInstructionHandler = NULL;
42,283.5,525,1049,0.447213595500,1,4,0,0,False,parser->m_commentHandler = NULL;
42,283.5,525,1050,0.447213595500,1,4,0,0,False,parser->m_startCdataSectionHandler = NULL;
42,283.5,525,1051,0.447213595500,1,4,0,0,False,parser->m_endCdataSectionHandler = NULL;
42,283.5,525,1052,0.447213595500,1,4,0,0,False,parser->m_defaultHandler = NULL;
42,283.5,525,1053,0.447213595500,1,4,0,0,False,parser->m_startDoctypeDeclHandler = NULL;
42,283.5,525,1054,0.447213595500,1,4,0,0,False,parser->m_endDoctypeDeclHandler = NULL;
42,283.5,525,1055,0.447213595500,1,4,0,0,False,parser->m_unparsedEntityDeclHandler = NULL;
42,283.5,525,1056,0.447213595500,1,4,0,0,False,parser->m_notationDeclHandler = NULL;
42,283.5,525,1057,0.447213595500,1,4,0,0,False,parser->m_startNamespaceDeclHandler = NULL;
42,283.5,525,1058,0.447213595500,1,4,0,0,False,parser->m_endNamespaceDeclHandler = NULL;
42,283.5,525,1059,0.447213595500,1,4,0,0,False,parser->m_notStandaloneHandler = NULL;
42,283.5,525,1060,0.447213595500,1,4,0,0,False,parser->m_externalEntityRefHandler = NULL;
42,283.5,525,1061,0.447213595500,1,4,0,0,False,parser->m_externalEntityRefHandlerArg = parser;
42,283.5,525,1062,0.447213595500,1,4,0,0,False,parser->m_skippedEntityHandler = NULL;
42,283.5,525,1063,0.447213595500,1,4,0,0,False,parser->m_elementDeclHandler = NULL;
42,283.5,525,1064,0.447213595500,1,4,0,0,False,parser->m_attlistDeclHandler = NULL;
42,283.5,525,1065,0.447213595500,1,4,0,0,False,parser->m_entityDeclHandler = NULL;
42,283.5,525,1066,0.447213595500,1,4,0,0,False,parser->m_xmlDeclHandler = NULL;
42,283.5,525,1067,0.447213595500,1,4,0,0,False,parser->m_bufferPtr = parser->m_buffer;
42,283.5,525,1068,0.447213595500,1,4,0,0,False,parser->m_bufferEnd = parser->m_buffer;
42,283.5,525,1069,0.447213595500,1,4,0,0,False,parser->m_parseEndByteIndex = 0;
42,283.5,525,1070,0.447213595500,1,4,0,0,False,parser->m_parseEndPtr = NULL;
42,283.5,525,1071,0.447213595500,1,4,0,0,False,parser->m_declElementType = NULL;
42,283.5,525,1072,0.447213595500,1,4,0,0,False,parser->m_declAttributeId = NULL;
42,283.5,525,1073,0.447213595500,1,4,0,0,False,parser->m_declEntity = NULL;
42,283.5,525,1074,0.447213595500,1,4,0,0,False,parser->m_doctypeName = NULL;
42,283.5,525,1075,0.447213595500,1,4,0,0,False,parser->m_doctypeSysid = NULL;
42,283.5,525,1076,0.447213595500,1,4,0,0,False,parser->m_doctypePubid = NULL;
42,283.5,525,1077,0.447213595500,1,4,0,0,False,parser->m_declAttributeType = NULL;
42,283.5,525,1078,0.447213595500,1,4,0,0,False,parser->m_declNotationName = NULL;
42,283.5,525,1079,0.447213595500,1,4,0,0,False,parser->m_declNotationPublicId = NULL;
42,283.5,525,1080,0.447213595500,1,4,0,0,False,parser->m_declAttributeIsCdata = XML_FALSE;
42,283.5,525,1081,0.447213595500,1,4,0,0,False,parser->m_declAttributeIsId = XML_FALSE;
42,283.5,525,1082,0.447213595500,1,4,0,0,False,"memset(&parser->m_position, 0, sizeof(POSITION));"
42,283.5,525,1083,0.447213595500,1,4,0,0,False,parser->m_errorCode = XML_ERROR_NONE;
42,283.5,525,1084,0.447213595500,1,4,0,0,False,parser->m_eventPtr = NULL;
42,283.5,525,1085,0.447213595500,1,4,0,0,False,parser->m_eventEndPtr = NULL;
42,283.5,525,1086,0.447213595500,1,4,0,0,False,parser->m_positionPtr = NULL;
42,283.5,525,1087,0.447213595500,1,4,0,0,False,parser->m_openInternalEntities = NULL;
42,283.5,525,1088,0.447213595500,1,4,0,0,False,parser->m_defaultExpandInternalEntities = XML_TRUE;
42,283.5,525,1089,0.447213595500,1,4,0,0,False,parser->m_tagLevel = 0;
42,283.5,525,1090,0.447213595500,1,4,0,0,False,parser->m_tagStack = NULL;
42,283.5,525,1091,0.447213595500,1,4,0,0,False,parser->m_inheritedBindings = NULL;
42,283.5,525,1092,0.447213595500,1,4,0,0,False,parser->m_nSpecifiedAtts = 0;
42,283.5,525,1093,0.447213595500,1,4,0,0,False,parser->m_unknownEncodingMem = NULL;
42,283.5,525,1094,0.447213595500,1,4,0,0,False,parser->m_unknownEncodingRelease = NULL;
42,283.5,525,1095,0.447213595500,1,4,0,0,False,parser->m_unknownEncodingData = NULL;
42,283.5,525,1096,0.447213595500,1,4,0,0,False,parser->m_parentParser = NULL;
42,283.5,525,1097,0.447213595500,1,4,0,0,False,parser->m_parsingStatus.parsing = XML_INITIALIZED;
42,283.5,525,1099,0.447213595500,1,4,0,0,False,parser->m_isParamEntity = XML_FALSE;
42,283.5,525,1100,0.447213595500,1,4,0,0,False,parser->m_useForeignDTD = XML_FALSE;
42,283.5,525,1101,0.447213595500,1,4,0,0,False,parser->m_paramEntityParsing = XML_PARAM_ENTITY_PARSING_NEVER;
42,283.5,525,1103,0.447213595500,1,4,0,0,False,parser->m_hash_secret_salt = 0;
42,283.5,525,1104,0.447213595500,1,4,0,0,False,}
42,283.5,525,1361,0.447213595500,1,4,0,0,False,"destroyBindings(BINDING *bindings, XML_Parser parser)"
42,283.5,525,1364,0.447213595500,1,4,0,0,False,BINDING *b = bindings;
42,283.5,525,1365,0.447213595500,1,4,0,0,False,if (!b)
42,283.5,525,1366,0.447213595500,1,4,0,0,False,break;
42,283.5,525,1371,0.447213595500,1,4,0,0,False,}
42,283.5,525,1374,0.447213595500,1,4,0,0,False,XML_ParserFree(XML_Parser parser)
42,283.5,525,1378,0.447213595500,1,4,0,0,False,if (parser == NULL)
42,283.5,525,1381,0.447213595500,1,4,0,0,False,tagList = parser->m_tagStack;
42,283.5,525,1384,0.447213595500,1,4,0,0,False,if (tagList == NULL) {
42,283.5,525,1385,0.447213595500,1,4,0,0,False,if (parser->m_freeTagList == NULL)
42,283.5,525,1386,0.447213595500,1,4,0,0,False,break;
42,283.5,525,1397,0.447213595500,1,4,0,0,False,entityList = parser->m_openInternalEntities;
42,283.5,525,1400,0.447213595500,1,4,0,0,False,if (entityList == NULL) {
42,283.5,525,1401,0.447213595500,1,4,0,0,False,if (parser->m_freeInternalEntities == NULL)
42,283.5,525,1402,0.447213595500,1,4,0,0,False,break;
42,283.5,525,1411,0.447213595500,1,4,0,0,False,"destroyBindings(parser->m_freeBindingList, parser);"
42,283.5,525,1412,0.447213595500,1,4,0,0,False,"destroyBindings(parser->m_inheritedBindings, parser);"
42,283.5,525,1413,0.447213595500,1,4,0,0,False,poolDestroy(&parser->m_tempPool);
42,283.5,525,1414,0.447213595500,1,4,0,0,False,poolDestroy(&parser->m_temp2Pool);
42,283.5,525,1415,0.447213595500,1,4,0,0,False,"FREE(parser, (void *)parser->m_protocolEncodingName);"
42,283.5,525,1420,0.447213595500,1,4,0,0,False,if (!parser->m_isParamEntity && parser->m_dtd)
42,283.5,525,1424,0.447213595500,1,4,0,0,False,"dtdDestroy(parser->m_dtd, (XML_Bool)!parser->m_parentParser, &parser->m_mem);"
42,283.5,525,1425,0.447213595500,1,4,0,0,False,"FREE(parser, (void *)parser->m_atts);"
42,283.5,525,1429,0.447213595500,1,4,0,0,False,"FREE(parser, parser->m_groupConnector);"
42,283.5,525,1430,0.447213595500,1,4,0,0,False,"FREE(parser, parser->m_buffer);"
42,283.5,525,1431,0.447213595500,1,4,0,0,False,"FREE(parser, parser->m_dataBuf);"
42,283.5,525,1432,0.447213595500,1,4,0,0,False,"FREE(parser, parser->m_nsAtts);"
42,283.5,525,1433,0.447213595500,1,4,0,0,False,"FREE(parser, parser->m_unknownEncodingMem);"
42,283.5,525,1434,0.447213595500,1,4,0,0,False,if (parser->m_unknownEncodingRelease)
42,283.5,525,1436,0.447213595500,1,4,0,0,False,"FREE(parser, parser);"
42,283.5,525,1474,0.447213595500,1,4,0,0,False,"XML_SetUserData(XML_Parser parser, void *p)"
42,283.5,525,1476,0.447213595500,1,4,0,0,False,if (parser == NULL)
42,283.5,525,1478,0.447213595500,1,4,0,0,False,if (parser->m_handlerArg == parser->m_userData)
42,283.5,525,1479,0.447213595500,1,4,0,0,False,parser->m_handlerArg = parser->m_userData = p;
42,283.5,525,1535,0.447213595500,1,4,0,0,False,"XML_SetElementHandler(XML_Parser parser,"
42,283.5,525,1539,0.447213595500,1,4,0,0,False,if (parser == NULL)
42,283.5,525,1541,0.447213595500,1,4,0,0,False,parser->m_startElementHandler = start;
42,283.5,525,1542,0.447213595500,1,4,0,0,False,parser->m_endElementHandler = end;
42,283.5,525,1804,0.447213595500,1,4,0,0,False,"XML_Parse(XML_Parser parser, const char *s, int len, int isFinal)"
42,283.5,525,1806,0.447213595500,1,4,0,0,False,if ((parser == NULL) || (len < 0) || ((s == NULL) && (len != 0))) {
42,283.5,525,1811,0.447213595500,1,4,0,0,False,switch (parser->m_parsingStatus.parsing) {
42,283.5,525,1818,0.447213595500,1,4,0,0,False,case XML_INITIALIZED:
42,283.5,525,1819,0.447213595500,1,4,0,0,False,if (parser->m_parentParser == NULL && !startParsing(parser)) {
42,283.5,525,1824,0.447213595500,1,4,0,0,False,parser->m_parsingStatus.parsing = XML_PARSING;
42,283.5,525,1827,0.447213595500,1,4,0,0,False,if (len == 0) {
42,283.5,525,1942,0.447213595500,1,4,0,0,False,"void *buff = XML_GetBuffer(parser, len);"
42,283.5,525,1943,0.447213595500,1,4,0,0,False,if (buff == NULL)
42,283.5,525,1946,0.447213595500,1,4,0,0,False,"memcpy(buff, s, len);"
42,283.5,525,1947,0.447213595500,1,4,0,0,False,"return XML_ParseBuffer(parser, len, isFinal);"
42,283.5,525,1953,0.447213595500,1,4,0,0,False,"XML_ParseBuffer(XML_Parser parser, int len, int isFinal)"
42,283.5,525,1956,0.447213595500,1,4,0,0,False,enum XML_Status result = XML_STATUS_OK;
42,283.5,525,1958,0.447213595500,1,4,0,0,False,if (parser == NULL)
42,283.5,525,1960,0.447213595500,1,4,0,0,False,switch (parser->m_parsingStatus.parsing) {
42,283.5,525,1973,0.447213595500,1,4,0,0,False,parser->m_parsingStatus.parsing = XML_PARSING;
42,283.5,525,1976,0.447213595500,1,4,0,0,False,start = parser->m_bufferPtr;
42,283.5,525,1977,0.447213595500,1,4,0,0,False,parser->m_positionPtr = start;
42,283.5,525,1978,0.447213595500,1,4,0,0,False,parser->m_bufferEnd += len;
42,283.5,525,1979,0.447213595500,1,4,0,0,False,parser->m_parseEndPtr = parser->m_bufferEnd;
42,283.5,525,1980,0.447213595500,1,4,0,0,False,parser->m_parseEndByteIndex += len;
42,283.5,525,1981,0.447213595500,1,4,0,0,False,parser->m_parsingStatus.finalBuffer = (XML_Bool)isFinal;
42,283.5,525,1983,0.447213595500,1,4,0,0,False,"parser->m_errorCode = parser->m_processor(parser, start, parser->m_parseEndPtr, &parser->m_bufferPtr);"
42,283.5,525,1985,0.447213595500,1,4,0,0,False,if (parser->m_errorCode != XML_ERROR_NONE) {
42,283.5,525,1991,0.447213595500,1,4,0,0,False,switch (parser->m_parsingStatus.parsing) {
42,283.5,525,2011,0.447213595500,1,4,0,0,False,"XML_GetBuffer(XML_Parser parser, int len)"
42,283.5,525,2013,0.447213595500,1,4,0,0,False,if (parser == NULL)
42,283.5,525,2015,0.447213595500,1,4,0,0,False,if (len < 0) {
42,283.5,525,2019,0.447213595500,1,4,0,0,False,switch (parser->m_parsingStatus.parsing) {
42,283.5,525,2026,0.447213595500,1,4,0,0,False,default: ;
42,283.5,525,2029,0.447213595500,1,4,0,0,False,if (len > parser->m_bufferLim - parser->m_bufferEnd) {
42,283.5,525,2034,0.447213595500,1,4,0,0,False,int neededSize = (int) ((unsigned)len + (unsigned)(parser->m_bufferEnd - parser->m_bufferPtr));
42,283.5,525,2035,0.447213595500,1,4,0,0,False,if (neededSize < 0) {
42,283.5,525,2040,0.447213595500,1,4,0,0,False,keep = (int)(parser->m_bufferPtr - parser->m_buffer);
42,283.5,525,2041,0.447213595500,1,4,0,0,False,if (keep > XML_CONTEXT_BYTES)
42,283.5,525,2043,0.447213595500,1,4,0,0,False,neededSize += keep;
42,283.5,525,2045,0.447213595500,1,4,0,0,False,if (neededSize  <= parser->m_bufferLim - parser->m_buffer) {
42,283.5,525,2061,0.447213595500,1,4,0,0,False,int bufferSize = (int)(parser->m_bufferLim - parser->m_bufferPtr);
42,283.5,525,2062,0.447213595500,1,4,0,0,False,if (bufferSize == 0)
42,283.5,525,2063,0.447213595500,1,4,0,0,False,bufferSize = INIT_BUFFER_SIZE;
42,283.5,525,2066,0.447213595500,1,4,0,0,False,bufferSize = (int) (2U * (unsigned) bufferSize);
42,283.5,525,2067,0.447213595500,1,4,0,0,False,} while (bufferSize < neededSize && bufferSize > 0);
42,283.5,525,2068,0.447213595500,1,4,0,0,False,if (bufferSize <= 0) {
42,283.5,525,2072,0.447213595500,1,4,0,0,False,"newBuf = (char *)MALLOC(parser, bufferSize);"
42,283.5,525,2073,0.447213595500,1,4,0,0,False,if (newBuf == 0) {
42,283.5,525,2077,0.447213595500,1,4,0,0,False,parser->m_bufferLim = newBuf + bufferSize;
42,283.5,525,2079,0.447213595500,1,4,0,0,False,if (parser->m_bufferPtr) {
42,283.5,525,2090,0.447213595500,1,4,0,0,False,parser->m_bufferEnd = newBuf + (parser->m_bufferEnd - parser->m_bufferPtr);
42,283.5,525,2091,0.447213595500,1,4,0,0,False,parser->m_bufferPtr = parser->m_buffer = newBuf;
42,283.5,525,2102,0.447213595500,1,4,0,0,False,parser->m_eventPtr = parser->m_eventEndPtr = NULL;
42,283.5,525,2103,0.447213595500,1,4,0,0,False,parser->m_positionPtr = NULL;
42,283.5,525,2105,0.447213595500,1,4,0,0,False,return parser->m_bufferEnd;
42,283.5,525,2481,0.447213595500,1,4,0,0,False,storeRawNames(XML_Parser parser)
42,283.5,525,2483,0.447213595500,1,4,0,0,False,TAG *tag = parser->m_tagStack;
42,283.5,525,2484,0.447213595500,1,4,0,0,False,while (tag) {
42,283.5,525,2522,0.447213595500,1,4,0,0,False,return XML_TRUE;
42,283.5,525,2526,0.447213595500,1,4,0,0,False,"contentProcessor(XML_Parser parser,"
42,283.5,525,2531,0.447213595500,1,4,0,0,False,"enum XML_Error result = doContent(parser, 0, parser->m_encoding, start, end,"
42,283.5,525,2532,0.447213595500,1,4,0,0,False,"endPtr, (XML_Bool)!parser->m_parsingStatus.finalBuffer);"
42,283.5,525,2533,0.447213595500,1,4,0,0,False,if (result == XML_ERROR_NONE) {
42,283.5,525,2534,0.447213595500,1,4,0,0,False,if (!storeRawNames(parser))
42,283.5,525,2537,0.447213595500,1,4,0,0,False,return result;
42,283.5,525,2657,0.447213595500,1,4,0,0,False,"doContent(XML_Parser parser,"
42,283.5,525,2666,0.447213595500,1,4,0,0,False,DTD * const dtd = parser->m_dtd;
42,283.5,525,2670,0.447213595500,1,4,0,0,False,if (enc == parser->m_encoding) {
42,283.5,525,2671,0.447213595500,1,4,0,0,False,eventPP = &parser->m_eventPtr;
42,283.5,525,2672,0.447213595500,1,4,0,0,False,eventEndPP = &parser->m_eventEndPtr;
42,283.5,525,2678,0.447213595500,1,4,0,0,False,*eventPP = s;
42,283.5,525,2681,0.447213595500,1,4,0,0,False,const char *next = s; /* XmlContentTok doesn't always set the last arg */
42,283.5,525,2682,0.447213595500,1,4,0,0,False,"int tok = XmlContentTok(enc, s, end, &next);"
42,283.5,525,2683,0.447213595500,1,4,0,0,False,*eventEndPP = next;
42,283.5,525,2684,0.447213595500,1,4,0,0,False,switch (tok) {
42,283.5,525,2688,0.447213595500,1,4,0,0,False,return XML_ERROR_NONE;
42,283.5,525,2876,0.447213595500,1,4,0,0,False,case XML_TOK_EMPTY_ELEMENT_NO_ATTS:
42,283.5,525,2880,0.447213595500,1,4,0,0,False,const char *rawName = s + enc->minBytesPerChar;
42,283.5,525,2882,0.447213595500,1,4,0,0,False,BINDING *bindings = NULL;
42,283.5,525,2883,0.447213595500,1,4,0,0,False,XML_Bool noElmHandlers = XML_TRUE;
42,283.5,525,2885,0.447213595500,1,4,0,0,False,"name.str = poolStoreString(&parser->m_tempPool, enc, rawName,"
42,283.5,525,2886,0.447213595500,1,4,0,0,False,"rawName + XmlNameLength(enc, rawName));"
42,283.5,525,2887,0.447213595500,1,4,0,0,False,if (!name.str)
42,283.5,525,2889,0.447213595500,1,4,0,0,False,poolFinish(&parser->m_tempPool);
42,283.5,525,2890,0.447213595500,1,4,0,0,False,"result = storeAtts(parser, enc, s, &name, &bindings);"
42,283.5,525,2891,0.447213595500,1,4,0,0,False,if (result != XML_ERROR_NONE) {
42,283.5,525,2895,0.447213595500,1,4,0,0,False,poolFinish(&parser->m_tempPool);
42,283.5,525,2896,0.447213595500,1,4,0,0,False,if (parser->m_startElementHandler) {
42,283.5,525,2900,0.447213595500,1,4,0,0,False,if (parser->m_endElementHandler) {
42,283.5,525,2901,0.447213595500,1,4,0,0,False,if (parser->m_startElementHandler)
42,283.5,525,2903,0.447213595500,1,4,0,0,False,"parser->m_endElementHandler(parser->m_handlerArg, name.str);"
42,283.5,525,2904,0.447213595500,1,4,0,0,False,noElmHandlers = XML_FALSE;
42,283.5,525,2906,0.447213595500,1,4,0,0,False,if (noElmHandlers && parser->m_defaultHandler)
42,283.5,525,2908,0.447213595500,1,4,0,0,False,poolClear(&parser->m_tempPool);
42,283.5,525,2909,0.447213595500,1,4,0,0,False,"freeBindings(parser, bindings);"
42,283.5,525,2911,0.447213595500,1,4,0,0,False,if ((parser->m_tagLevel == 0) &&
42,283.5,525,2912,0.447213595500,1,4,0,0,True,!((parser->m_parsingStatus.parsing == XML_FINISHED) || (parser->m_parsingStatus.parsing == XML_SUSPENDED))) {
42,283.5,525,3122,0.447213595500,1,4,0,0,False,"freeBindings(XML_Parser parser, BINDING *bindings)"
42,283.5,525,3124,0.447213595500,1,4,0,0,False,while (bindings) {
42,283.5,525,3138,0.447213595500,1,4,0,0,False,}
42,283.5,525,3151,0.447213595500,1,4,0,0,False,"storeAtts(XML_Parser parser, const ENCODING *enc,"
42,283.5,525,3155,0.447213595500,1,4,0,0,False,DTD * const dtd = parser->m_dtd;  /* save one level of indirection */
42,283.5,525,3159,0.447213595500,1,4,0,0,False,int attIndex = 0;
42,283.5,525,3164,0.447213595500,1,4,0,0,False,int nPrefixes = 0;
42,283.5,525,3169,0.447213595500,1,4,0,0,False,"elementType = (ELEMENT_TYPE *)lookup(parser, &dtd->elementTypes, tagNamePtr->str,0);"
42,283.5,525,3170,0.447213595500,1,4,0,0,False,if (!elementType) {
42,283.5,525,3171,0.447213595500,1,4,0,0,False,"const XML_Char *name = poolCopyString(&dtd->pool, tagNamePtr->str);"
42,283.5,525,3172,0.447213595500,1,4,0,0,False,if (!name)
42,283.5,525,3174,0.447213595500,1,4,0,0,False,"elementType = (ELEMENT_TYPE *)lookup(parser, &dtd->elementTypes, name,"
42,283.5,525,3176,0.447213595500,1,4,0,0,False,if (!elementType)
42,283.5,525,3178,0.447213595500,1,4,0,0,False,"if (parser->m_ns && !setElementTypePrefix(parser, elementType))"
42,283.5,525,3181,0.447213595500,1,4,0,0,False,nDefaultAtts = elementType->nDefaultAtts;
42,283.5,525,3184,0.447213595500,1,4,0,0,False,"n = XmlGetAttributes(enc, attStr, parser->m_attsSize, parser->m_atts);"
42,283.5,525,3185,0.447213595500,1,4,0,0,False,if (n + nDefaultAtts > parser->m_attsSize) {
42,283.5,525,3210,0.447213595500,1,4,0,0,False,appAtts = (const XML_Char **)parser->m_atts;
42,283.5,525,3211,0.447213595500,1,4,0,0,False,for (i = 0; i < n; i++) {
42,283.5,525,3295,0.447213595500,1,4,0,0,False,parser->m_nSpecifiedAtts = attIndex;
42,283.5,525,3296,0.447213595500,1,4,0,0,False,if (elementType->idAtt && (elementType->idAtt->name)[-1]) {
42,283.5,525,3304,0.447213595500,1,4,0,0,False,parser->m_idAttIndex = -1;
42,283.5,525,3307,0.447213595500,1,4,0,0,False,for (i = 0; i < nDefaultAtts; i++) {
42,283.5,525,3331,0.447213595500,1,4,0,0,False,appAtts[attIndex] = 0;
42,283.5,525,3335,0.447213595500,1,4,0,0,False,i = 0;
42,283.5,525,3336,0.447213595500,1,4,0,0,False,if (nPrefixes) {
42,283.5,525,3473,0.447213595500,1,4,0,0,False,for (; i < attIndex; i += 2)
42,283.5,525,3475,0.447213595500,1,4,0,0,False,for (binding = *bindingsPtr; binding; binding = binding->nextTagBinding)
42,283.5,525,3478,0.447213595500,1,4,0,0,False,if (!parser->m_ns)
42,283.5,525,3479,0.447213595500,1,4,0,0,False,return XML_ERROR_NONE;
42,283.5,525,3906,0.447213595500,1,4,0,0,False,initializeEncoding(XML_Parser parser)
42,283.5,525,3928,0.447213595500,1,4,0,0,False,s = parser->m_protocolEncodingName;
42,283.5,525,3930,0.447213595500,1,4,0,0,False,"if ((parser->m_ns ? XmlInitEncodingNS : XmlInitEncoding)(&parser->m_initEncoding, &parser->m_encoding, s))"
42,283.5,525,3931,0.447213595500,1,4,0,0,False,return XML_ERROR_NONE;
42,283.5,525,4071,0.447213595500,1,4,0,0,False,"prologInitProcessor(XML_Parser parser,"
42,283.5,525,4076,0.447213595500,1,4,0,0,False,enum XML_Error result = initializeEncoding(parser);
42,283.5,525,4077,0.447213595500,1,4,0,0,False,if (result != XML_ERROR_NONE)
42,283.5,525,4079,0.447213595500,1,4,0,0,False,parser->m_processor = prologProcessor;
42,283.5,525,4080,0.447213595500,1,4,0,0,False,"return prologProcessor(parser, s, end, nextPtr);"
42,283.5,525,4263,0.447213595500,1,4,0,0,False,"prologProcessor(XML_Parser parser,"
42,283.5,525,4268,0.447213595500,1,4,0,0,False,const char *next = s;
42,283.5,525,4269,0.447213595500,1,4,0,0,False,"int tok = XmlPrologTok(parser->m_encoding, s, end, &next);"
42,283.5,525,4270,0.447213595500,1,4,0,0,False,"return doProlog(parser, parser->m_encoding, s, end, tok, next,"
42,283.5,525,4271,0.447213595500,1,4,0,0,False,"nextPtr, (XML_Bool)!parser->m_parsingStatus.finalBuffer);"
42,283.5,525,4275,0.447213595500,1,4,0,0,False,"doProlog(XML_Parser parser,"
42,283.5,525,4308,0.447213595500,1,4,0,0,False,DTD * const dtd = parser->m_dtd;
42,283.5,525,4314,0.447213595500,1,4,0,0,False,if (enc == parser->m_encoding) {
42,283.5,525,4315,0.447213595500,1,4,0,0,False,eventPP = &parser->m_eventPtr;
42,283.5,525,4316,0.447213595500,1,4,0,0,False,eventEndPP = &parser->m_eventEndPtr;
42,283.5,525,4325,0.447213595500,1,4,0,0,False,XML_Bool handleDefault = XML_TRUE;
42,283.5,525,4326,0.447213595500,1,4,0,0,False,*eventPP = s;
42,283.5,525,4327,0.447213595500,1,4,0,0,False,*eventEndPP = next;
42,283.5,525,4328,0.447213595500,1,4,0,0,False,if (tok <= 0) {
42,283.5,525,4370,0.447213595500,1,4,0,0,False,"role = XmlTokenRole(&parser->m_prologState, tok, s, next, enc);"
42,283.5,525,4371,0.447213595500,1,4,0,0,False,switch (role) {
42,283.5,525,4518,0.447213595500,1,4,0,0,False,case XML_ROLE_INSTANCE_START:
42,283.5,525,4523,0.447213595500,1,4,0,0,False,if (parser->m_useForeignDTD) {
42,283.5,525,4555,0.447213595500,1,4,0,0,False,parser->m_processor = contentProcessor;
42,283.5,525,4556,0.447213595500,1,4,0,0,False,"return contentProcessor(parser, s, end, nextPtr);"
42,283.5,525,6312,0.447213595500,1,4,0,0,False,dtdCreate(const XML_Memory_Handling_Suite *ms)
42,283.5,525,6314,0.447213595500,1,4,0,0,False,DTD *p = (DTD *)ms->malloc_fcn(sizeof(DTD));
42,283.5,525,6315,0.447213595500,1,4,0,0,False,if (p == NULL)
42,283.5,525,6317,0.447213595500,1,4,0,0,False,"poolInit(&(p->pool), ms);"
42,283.5,525,6318,0.447213595500,1,4,0,0,False,"poolInit(&(p->entityValuePool), ms);"
42,283.5,525,6319,0.447213595500,1,4,0,0,False,"hashTableInit(&(p->generalEntities), ms);"
42,283.5,525,6320,0.447213595500,1,4,0,0,False,"hashTableInit(&(p->elementTypes), ms);"
42,283.5,525,6321,0.447213595500,1,4,0,0,False,"hashTableInit(&(p->attributeIds), ms);"
42,283.5,525,6322,0.447213595500,1,4,0,0,False,"hashTableInit(&(p->prefixes), ms);"
42,283.5,525,6324,0.447213595500,1,4,0,0,False,p->paramEntityRead = XML_FALSE;
42,283.5,525,6325,0.447213595500,1,4,0,0,False,"hashTableInit(&(p->paramEntities), ms);"
42,283.5,525,6327,0.447213595500,1,4,0,0,False,p->defaultPrefix.name = NULL;
42,283.5,525,6328,0.447213595500,1,4,0,0,False,p->defaultPrefix.binding = NULL;
42,283.5,525,6330,0.447213595500,1,4,0,0,False,p->in_eldecl = XML_FALSE;
42,283.5,525,6331,0.447213595500,1,4,0,0,False,p->scaffIndex = NULL;
42,283.5,525,6332,0.447213595500,1,4,0,0,False,p->scaffold = NULL;
42,283.5,525,6333,0.447213595500,1,4,0,0,False,p->scaffLevel = 0;
42,283.5,525,6334,0.447213595500,1,4,0,0,False,p->scaffSize = 0;
42,283.5,525,6335,0.447213595500,1,4,0,0,False,p->scaffCount = 0;
42,283.5,525,6336,0.447213595500,1,4,0,0,False,p->contentStringLen = 0;
42,283.5,525,6338,0.447213595500,1,4,0,0,False,p->keepProcessing = XML_TRUE;
42,283.5,525,6339,0.447213595500,1,4,0,0,False,p->hasParamEntityRefs = XML_FALSE;
42,283.5,525,6340,0.447213595500,1,4,0,0,False,p->standalone = XML_FALSE;
42,283.5,525,6341,0.447213595500,1,4,0,0,False,return p;
42,283.5,525,6387,0.447213595500,1,4,0,0,False,"dtdDestroy(DTD *p, XML_Bool isDocEntity, const XML_Memory_Handling_Suite *ms)"
42,283.5,525,6390,0.447213595500,1,4,0,0,False,"hashTableIterInit(&iter, &(p->elementTypes));"
42,283.5,525,6391,0.447213595500,1,4,0,0,False,for (;;) {
42,283.5,525,6392,0.447213595500,1,4,0,0,False,ELEMENT_TYPE *e = (ELEMENT_TYPE *)hashTableIterNext(&iter);
42,283.5,525,6393,0.447213595500,1,4,0,0,False,if (!e)
42,283.5,525,6394,0.447213595500,1,4,0,0,False,break;
42,283.5,525,6395,0.447213595500,1,4,0,0,False,if (e->allocDefaultAtts != 0)
42,283.5,525,6398,0.447213595500,1,4,0,0,False,hashTableDestroy(&(p->generalEntities));
42,283.5,525,6400,0.447213595500,1,4,0,0,False,hashTableDestroy(&(p->paramEntities));
42,283.5,525,6402,0.447213595500,1,4,0,0,False,hashTableDestroy(&(p->elementTypes));
42,283.5,525,6403,0.447213595500,1,4,0,0,False,hashTableDestroy(&(p->attributeIds));
42,283.5,525,6404,0.447213595500,1,4,0,0,False,hashTableDestroy(&(p->prefixes));
42,283.5,525,6405,0.447213595500,1,4,0,0,False,poolDestroy(&(p->pool));
42,283.5,525,6406,0.447213595500,1,4,0,0,False,poolDestroy(&(p->entityValuePool));
42,283.5,525,6407,0.447213595500,1,4,0,0,False,if (isDocEntity) {
42,283.5,525,6408,0.447213595500,1,4,0,0,False,ms->free_fcn(p->scaffIndex);
42,283.5,525,6409,0.447213595500,1,4,0,0,False,ms->free_fcn(p->scaffold);
42,283.5,525,6411,0.447213595500,1,4,0,0,False,ms->free_fcn(p);
42,283.5,525,6412,0.447213595500,1,4,0,0,False,}
42,283.5,525,6627,0.447213595500,1,4,0,0,False,keylen(KEY s)
42,283.5,525,6629,0.447213595500,1,4,0,0,False,size_t len = 0;
42,283.5,525,6630,0.447213595500,1,4,0,0,False,"for (; *s; s++, len++);"
42,283.5,525,6631,0.447213595500,1,4,0,0,False,return len;
42,283.5,525,6635,0.447213595500,1,4,0,0,False,"copy_salt_to_sipkey(XML_Parser parser, struct sipkey * key)"
42,283.5,525,6637,0.447213595500,1,4,0,0,False,key->k[0] = 0;
42,283.5,525,6638,0.447213595500,1,4,0,0,False,key->k[1] = get_hash_secret_salt(parser);
42,283.5,525,6639,0.447213595500,1,4,0,0,False,}
42,283.5,525,6642,0.447213595500,1,4,0,0,False,"hash(XML_Parser parser, KEY s)"
42,283.5,525,6648,0.447213595500,1,4,0,0,False,"copy_salt_to_sipkey(parser, &key);"
42,283.5,525,6649,0.447213595500,1,4,0,0,False,"sip24_init(&state, &key);"
42,283.5,525,6650,0.447213595500,1,4,0,0,False,"sip24_update(&state, s, keylen(s) * sizeof(XML_Char));"
42,283.5,525,6651,0.447213595500,1,4,0,0,False,return (unsigned long)sip24_final(&state);
42,283.5,525,6655,0.447213595500,1,4,0,0,False,"lookup(XML_Parser parser, HASH_TABLE *table, KEY name, size_t createSize)"
42,283.5,525,6658,0.447213595500,1,4,0,0,False,if (table->size == 0) {
42,283.5,525,6660,0.447213595500,1,4,0,0,False,if (!createSize)
42,283.5,525,6661,0.447213595500,1,4,0,0,False,return NULL;
42,283.5,525,6662,0.447213595500,1,4,0,0,False,table->power = INIT_POWER;
42,283.5,525,6664,0.447213595500,1,4,0,0,False,table->size = (size_t)1 << INIT_POWER;
42,283.5,525,6665,0.447213595500,1,4,0,0,False,tsize = table->size * sizeof(NAMED *);
42,283.5,525,6666,0.447213595500,1,4,0,0,False,table->v = (NAMED **)table->mem->malloc_fcn(tsize);
42,283.5,525,6667,0.447213595500,1,4,0,0,False,if (!table->v) {
42,283.5,525,6671,0.447213595500,1,4,0,0,False,"memset(table->v, 0, tsize);"
42,283.5,525,6672,0.447213595500,1,4,0,0,False,"i = hash(parser, name) & ((unsigned long)table->size - 1);"
42,283.5,525,6724,0.447213595500,1,4,0,0,False,table->v[i] = (NAMED *)table->mem->malloc_fcn(createSize);
42,283.5,525,6725,0.447213595500,1,4,0,0,False,if (!table->v[i])
42,283.5,525,6727,0.447213595500,1,4,0,0,False,"memset(table->v[i], 0, createSize);"
42,283.5,525,6728,0.447213595500,1,4,0,0,False,table->v[i]->name = name;
42,283.5,525,6729,0.447213595500,1,4,0,0,False,(table->used)++;
42,283.5,525,6730,0.447213595500,1,4,0,0,False,return table->v[i];
42,283.5,525,6745,0.447213595500,1,4,0,0,False,hashTableDestroy(HASH_TABLE *table)
42,283.5,525,6748,0.447213595500,1,4,0,0,False,for (i = 0; i < table->size; i++)
42,283.5,525,6749,0.447213595500,1,4,0,0,False,table->mem->free_fcn(table->v[i]);
42,283.5,525,6750,0.447213595500,1,4,0,0,False,table->mem->free_fcn(table->v);
42,283.5,525,6751,0.447213595500,1,4,0,0,False,}
42,283.5,525,6754,0.447213595500,1,4,0,0,False,"hashTableInit(HASH_TABLE *p, const XML_Memory_Handling_Suite *ms)"
42,283.5,525,6756,0.447213595500,1,4,0,0,False,p->power = 0;
42,283.5,525,6757,0.447213595500,1,4,0,0,False,p->size = 0;
42,283.5,525,6758,0.447213595500,1,4,0,0,False,p->used = 0;
42,283.5,525,6759,0.447213595500,1,4,0,0,False,p->v = NULL;
42,283.5,525,6760,0.447213595500,1,4,0,0,False,p->mem = ms;
42,283.5,525,6761,0.447213595500,1,4,0,0,False,}
42,283.5,525,6764,0.447213595500,1,4,0,0,False,"hashTableIterInit(HASH_TABLE_ITER *iter, const HASH_TABLE *table)"
42,283.5,525,6766,0.447213595500,1,4,0,0,False,iter->p = table->v;
42,283.5,525,6767,0.447213595500,1,4,0,0,False,iter->end = iter->p + table->size;
42,283.5,525,6768,0.447213595500,1,4,0,0,False,}
42,283.5,525,6771,0.447213595500,1,4,0,0,False,hashTableIterNext(HASH_TABLE_ITER *iter)
42,283.5,525,6773,0.447213595500,1,4,0,0,False,while (iter->p != iter->end) {
42,283.5,525,6774,0.447213595500,1,4,0,0,False,NAMED *tem = *(iter->p)++;
42,283.5,525,6775,0.447213595500,1,4,0,0,False,if (tem)
42,283.5,525,6776,0.447213595500,1,4,0,0,False,return tem;
42,283.5,525,6778,0.447213595500,1,4,0,0,False,return NULL;
42,283.5,525,6782,0.447213595500,1,4,0,0,False,"poolInit(STRING_POOL *pool, const XML_Memory_Handling_Suite *ms)"
42,283.5,525,6784,0.447213595500,1,4,0,0,False,pool->blocks = NULL;
42,283.5,525,6785,0.447213595500,1,4,0,0,False,pool->freeBlocks = NULL;
42,283.5,525,6786,0.447213595500,1,4,0,0,False,pool->start = NULL;
42,283.5,525,6787,0.447213595500,1,4,0,0,False,pool->ptr = NULL;
42,283.5,525,6788,0.447213595500,1,4,0,0,False,pool->end = NULL;
42,283.5,525,6789,0.447213595500,1,4,0,0,False,pool->mem = ms;
42,283.5,525,6790,0.447213595500,1,4,0,0,False,}
42,283.5,525,6793,0.447213595500,1,4,0,0,False,poolClear(STRING_POOL *pool)
42,283.5,525,6795,0.447213595500,1,4,0,0,False,if (!pool->freeBlocks)
42,283.5,525,6796,0.447213595500,1,4,0,0,False,pool->freeBlocks = pool->blocks;
42,283.5,525,6806,0.447213595500,1,4,0,0,False,pool->blocks = NULL;
42,283.5,525,6807,0.447213595500,1,4,0,0,False,pool->start = NULL;
42,283.5,525,6808,0.447213595500,1,4,0,0,False,pool->ptr = NULL;
42,283.5,525,6809,0.447213595500,1,4,0,0,False,pool->end = NULL;
42,283.5,525,6810,0.447213595500,1,4,0,0,False,}
42,283.5,525,6813,0.447213595500,1,4,0,0,False,poolDestroy(STRING_POOL *pool)
42,283.5,525,6815,0.447213595500,1,4,0,0,False,BLOCK *p = pool->blocks;
42,283.5,525,6816,0.447213595500,1,4,0,0,False,while (p) {
42,283.5,525,6817,0.447213595500,1,4,0,0,False,BLOCK *tem = p->next;
42,283.5,525,6818,0.447213595500,1,4,0,0,False,pool->mem->free_fcn(p);
42,283.5,525,6819,0.447213595500,1,4,0,0,False,p = tem;
42,283.5,525,6821,0.447213595500,1,4,0,0,False,p = pool->freeBlocks;
42,283.5,525,6822,0.447213595500,1,4,0,0,False,while (p) {
42,283.5,525,6823,0.447213595500,1,4,0,0,False,BLOCK *tem = p->next;
42,283.5,525,6824,0.447213595500,1,4,0,0,False,pool->mem->free_fcn(p);
42,283.5,525,6825,0.447213595500,1,4,0,0,False,p = tem;
42,283.5,525,6827,0.447213595500,1,4,0,0,False,}
42,283.5,525,6830,0.447213595500,1,4,0,0,False,"poolAppend(STRING_POOL *pool, const ENCODING *enc,"
42,283.5,525,6833,0.447213595500,1,4,0,0,False,if (!pool->ptr && !poolGrow(pool))
42,283.5,525,6836,0.447213595500,1,4,0,0,False,"const enum XML_Convert_Result convert_res = XmlConvert(enc, &ptr, end, (ICHAR **)&(pool->ptr), (ICHAR *)pool->end);"
42,283.5,525,6837,0.447213595500,1,4,0,0,False,if ((convert_res == XML_CONVERT_COMPLETED) || (convert_res == XML_CONVERT_INPUT_INCOMPLETE))
42,283.5,525,6842,0.447213595500,1,4,0,0,False,return pool->start;
42,283.5,525,6846,0.447213595500,1,4,0,0,False,"poolCopyString(STRING_POOL *pool, const XML_Char *s)"
42,283.5,525,6849,0.447213595500,1,4,0,0,False,"if (!poolAppendChar(pool, *s))"
42,283.5,525,6851,0.447213595500,1,4,0,0,False,} while (*s++);
42,283.5,525,6852,0.447213595500,1,4,0,0,False,s = pool->start;
42,283.5,525,6853,0.447213595500,1,4,0,0,False,poolFinish(pool);
42,283.5,525,6854,0.447213595500,1,4,0,0,False,return s;
42,283.5,525,6895,0.447213595500,1,4,0,0,False,"poolStoreString(STRING_POOL *pool, const ENCODING *enc,"
42,283.5,525,6898,0.447213595500,1,4,0,0,False,"if (!poolAppend(pool, enc, ptr, end))"
42,283.5,525,6900,0.447213595500,1,4,0,0,False,if (pool->ptr == pool->end && !poolGrow(pool))
42,283.5,525,6902,0.447213595500,1,4,0,0,False,*(pool->ptr)++ = 0;
42,283.5,525,6903,0.447213595500,1,4,0,0,False,return pool->start;
42,283.5,525,6907,0.447213595500,1,4,0,0,False,poolBytesToAllocateFor(int blockSize)
42,283.5,525,6916,0.447213595500,1,4,0,0,False,const size_t stretch = sizeof(XML_Char);  /* can be 4 bytes */
42,283.5,525,6918,0.447213595500,1,4,0,0,False,if (blockSize <= 0)
42,283.5,525,6921,0.447213595500,1,4,0,0,False,if (blockSize > (int)(INT_MAX / stretch))
42,283.5,525,6925,0.447213595500,1,4,0,0,False,const int stretchedBlockSize = blockSize * (int)stretch;
42,283.5,525,6926,0.447213595500,1,4,0,0,False,const int bytesToAllocate = (int)(
42,283.5,525,6927,0.447213595500,1,4,0,0,False,"offsetof(BLOCK, s) + (unsigned)stretchedBlockSize);"
42,283.5,525,6928,0.447213595500,1,4,0,0,False,if (bytesToAllocate < 0)
42,283.5,525,6931,0.447213595500,1,4,0,0,False,return (size_t)bytesToAllocate;
42,283.5,525,6936,0.447213595500,1,4,0,0,False,poolGrow(STRING_POOL *pool)
42,283.5,525,6938,0.447213595500,1,4,0,0,False,if (pool->freeBlocks) {
42,283.5,525,6961,0.447213595500,1,4,0,0,False,if (pool->blocks && pool->start == pool->blocks->s) {
42,283.5,525,6996,0.447213595500,1,4,0,0,False,int blockSize = (int)(pool->end - pool->start);
42,283.5,525,6999,0.447213595500,1,4,0,0,False,if (blockSize < 0) {
42,283.5,525,7012,0.447213595500,1,4,0,0,False,if (blockSize < INIT_BLOCK_SIZE)
42,283.5,525,7013,0.447213595500,1,4,0,0,False,blockSize = INIT_BLOCK_SIZE;
42,283.5,525,7022,0.447213595500,1,4,0,0,False,bytesToAllocate = poolBytesToAllocateFor(blockSize);
42,283.5,525,7023,0.447213595500,1,4,0,0,False,if (bytesToAllocate == 0)
42,283.5,525,7026,0.447213595500,1,4,0,0,False,tem = (BLOCK *)pool->mem->malloc_fcn(bytesToAllocate);
42,283.5,525,7027,0.447213595500,1,4,0,0,False,if (!tem)
42,283.5,525,7029,0.447213595500,1,4,0,0,False,tem->size = blockSize;
42,283.5,525,7030,0.447213595500,1,4,0,0,False,tem->next = pool->blocks;
42,283.5,525,7031,0.447213595500,1,4,0,0,False,pool->blocks = tem;
42,283.5,525,7032,0.447213595500,1,4,0,0,False,if (pool->ptr != pool->start)
42,283.5,525,7035,0.447213595500,1,4,0,0,False,pool->ptr = tem->s + (pool->ptr - pool->start);
42,283.5,525,7036,0.447213595500,1,4,0,0,False,pool->start = tem->s;
42,283.5,525,7037,0.447213595500,1,4,0,0,False,pool->end = tem->s + blockSize;
42,283.5,525,7039,0.447213595500,1,4,0,0,False,return XML_TRUE;
526,2104.0,3682,659,0.000000000000,0,0,1,4,False,"XML_ParserCreateNS(const XML_Char *encodingName, XML_Char nsSep)"
526,2104.0,3682,662,0.000000000000,0,0,1,4,False,*tmp = nsSep;
526,2104.0,3682,663,0.000000000000,0,0,1,4,False,"return XML_ParserCreate_MM(encodingName, NULL, tmp);"
526,2104.0,3682,834,0.000000000000,0,0,1,4,False,"fprintf(stderr, ""Entropy: %s --> 0x%0*lx (%lu bytes)\n"","
526,2104.0,3682,889,0.000000000000,0,0,1,4,False,return get_hash_secret_salt(parser->m_parentParser);
526,2104.0,3682,903,0.000000000000,0,0,1,4,False,"return setContext(parser, implicitContext);"
526,2104.0,3682,927,0.000000000000,0,0,1,4,False,memsuite->malloc_fcn(sizeof(struct XML_ParserStruct));
526,2104.0,3682,928,0.000000000000,0,0,1,4,False,if (parser != NULL) {
526,2104.0,3682,929,0.000000000000,0,0,1,4,False,mtemp = (XML_Memory_Handling_Suite *)&(parser->m_mem);
526,2104.0,3682,930,0.000000000000,0,0,1,4,False,mtemp->malloc_fcn = memsuite->malloc_fcn;
526,2104.0,3682,931,0.000000000000,0,0,1,4,False,mtemp->realloc_fcn = memsuite->realloc_fcn;
526,2104.0,3682,932,0.000000000000,0,0,1,4,False,mtemp->free_fcn = memsuite->free_fcn;
526,2104.0,3682,947,0.000000000000,0,0,1,4,False,return parser;
526,2104.0,3682,955,0.000000000000,0,0,1,4,False,"FREE(parser, parser);"
526,2104.0,3682,956,0.000000000000,0,0,1,4,False,return NULL;
526,2104.0,3682,968,0.000000000000,0,0,1,4,False,"FREE(parser, parser->m_atts);"
526,2104.0,3682,972,0.000000000000,0,0,1,4,False,"FREE(parser, parser);"
526,2104.0,3682,973,0.000000000000,0,0,1,4,False,return NULL;
526,2104.0,3682,978,0.000000000000,0,0,1,4,False,parser->m_dtd = dtd;
526,2104.0,3682,982,0.000000000000,0,0,1,4,False,"FREE(parser, parser->m_dataBuf);"
526,2104.0,3682,983,0.000000000000,0,0,1,4,False,"FREE(parser, parser->m_atts);"
526,2104.0,3682,987,0.000000000000,0,0,1,4,False,"FREE(parser, parser);"
526,2104.0,3682,988,0.000000000000,0,0,1,4,False,return NULL;
526,2104.0,3682,1017,0.000000000000,0,0,1,4,False,XML_ParserFree(parser);
526,2104.0,3682,1018,0.000000000000,0,0,1,4,False,return NULL;
526,2104.0,3682,1022,0.000000000000,0,0,1,4,False,parser->m_ns = XML_TRUE;
526,2104.0,3682,1023,0.000000000000,0,0,1,4,False,parser->m_internalEncoding = XmlGetInternalEncodingNS();
526,2104.0,3682,1024,0.000000000000,0,0,1,4,False,parser->m_namespaceSeparator = *nameSep;
526,2104.0,3682,1039,0.000000000000,0,0,1,4,False,"parser->m_protocolEncodingName = copyString(encodingName, &(parser->m_mem));"
526,2104.0,3682,1108,0.000000000000,0,0,1,4,False,"moveToFreeBindingList(XML_Parser parser, BINDING *bindings)"
526,2104.0,3682,1110,0.000000000000,0,0,1,4,False,while (bindings) {
526,2104.0,3682,1111,0.000000000000,0,0,1,4,False,BINDING *b = bindings;
526,2104.0,3682,1112,0.000000000000,0,0,1,4,False,bindings = bindings->nextTagBinding;
526,2104.0,3682,1113,0.000000000000,0,0,1,4,False,b->nextTagBinding = parser->m_freeBindingList;
526,2104.0,3682,1114,0.000000000000,0,0,1,4,False,parser->m_freeBindingList = b;
526,2104.0,3682,1116,0.000000000000,0,0,1,4,False,}
526,2104.0,3682,1119,0.000000000000,0,0,1,4,False,"XML_ParserReset(XML_Parser parser, const XML_Char *encodingName)"
526,2104.0,3682,1124,0.000000000000,0,0,1,4,False,if (parser == NULL)
526,2104.0,3682,1125,0.000000000000,0,0,1,4,False,return XML_FALSE;
526,2104.0,3682,1127,0.000000000000,0,0,1,4,False,if (parser->m_parentParser)
526,2104.0,3682,1128,0.000000000000,0,0,1,4,False,return XML_FALSE;
526,2104.0,3682,1130,0.000000000000,0,0,1,4,False,tStk = parser->m_tagStack;
526,2104.0,3682,1131,0.000000000000,0,0,1,4,False,while (tStk) {
526,2104.0,3682,1132,0.000000000000,0,0,1,4,False,TAG *tag = tStk;
526,2104.0,3682,1133,0.000000000000,0,0,1,4,False,tStk = tStk->parent;
526,2104.0,3682,1134,0.000000000000,0,0,1,4,False,tag->parent = parser->m_freeTagList;
526,2104.0,3682,1135,0.000000000000,0,0,1,4,False,"moveToFreeBindingList(parser, tag->bindings);"
526,2104.0,3682,1136,0.000000000000,0,0,1,4,False,tag->bindings = NULL;
526,2104.0,3682,1137,0.000000000000,0,0,1,4,False,parser->m_freeTagList = tag;
526,2104.0,3682,1140,0.000000000000,0,0,1,4,False,openEntityList = parser->m_openInternalEntities;
526,2104.0,3682,1141,0.000000000000,0,0,1,4,False,while (openEntityList) {
526,2104.0,3682,1142,0.000000000000,0,0,1,4,False,OPEN_INTERNAL_ENTITY *openEntity = openEntityList;
526,2104.0,3682,1143,0.000000000000,0,0,1,4,False,openEntityList = openEntity->next;
526,2104.0,3682,1144,0.000000000000,0,0,1,4,False,openEntity->next = parser->m_freeInternalEntities;
526,2104.0,3682,1145,0.000000000000,0,0,1,4,False,parser->m_freeInternalEntities = openEntity;
526,2104.0,3682,1147,0.000000000000,0,0,1,4,False,"moveToFreeBindingList(parser, parser->m_inheritedBindings);"
526,2104.0,3682,1148,0.000000000000,0,0,1,4,False,"FREE(parser, parser->m_unknownEncodingMem);"
526,2104.0,3682,1149,0.000000000000,0,0,1,4,False,if (parser->m_unknownEncodingRelease)
526,2104.0,3682,1150,0.000000000000,0,0,1,4,False,parser->m_unknownEncodingRelease(parser->m_unknownEncodingData);
526,2104.0,3682,1151,0.000000000000,0,0,1,4,False,poolClear(&parser->m_tempPool);
526,2104.0,3682,1152,0.000000000000,0,0,1,4,False,poolClear(&parser->m_temp2Pool);
526,2104.0,3682,1153,0.000000000000,0,0,1,4,False,"FREE(parser, (void *)parser->m_protocolEncodingName);"
526,2104.0,3682,1154,0.000000000000,0,0,1,4,False,parser->m_protocolEncodingName = NULL;
526,2104.0,3682,1155,0.000000000000,0,0,1,4,False,"parserInit(parser, encodingName);"
526,2104.0,3682,1156,0.000000000000,0,0,1,4,False,"dtdReset(parser->m_dtd, &parser->m_mem);"
526,2104.0,3682,1157,0.000000000000,0,0,1,4,False,return XML_TRUE;
526,2104.0,3682,1161,0.000000000000,0,0,1,4,False,"XML_SetEncoding(XML_Parser parser, const XML_Char *encodingName)"
526,2104.0,3682,1163,0.000000000000,0,0,1,4,False,if (parser == NULL)
526,2104.0,3682,1164,0.000000000000,0,0,1,4,False,return XML_STATUS_ERROR;
526,2104.0,3682,1169,0.000000000000,0,0,1,4,False,if (parser->m_parsingStatus.parsing == XML_PARSING || parser->m_parsingStatus.parsing == XML_SUSPENDED)
526,2104.0,3682,1170,0.000000000000,0,0,1,4,False,return XML_STATUS_ERROR;
526,2104.0,3682,1173,0.000000000000,0,0,1,4,False,"FREE(parser, (void *)parser->m_protocolEncodingName);"
526,2104.0,3682,1175,0.000000000000,0,0,1,4,False,if (encodingName == NULL)
526,2104.0,3682,1177,0.000000000000,0,0,1,4,False,parser->m_protocolEncodingName = NULL;
526,2104.0,3682,1180,0.000000000000,0,0,1,4,False,"parser->m_protocolEncodingName = copyString(encodingName, &(parser->m_mem));"
526,2104.0,3682,1181,0.000000000000,0,0,1,4,False,if (!parser->m_protocolEncodingName)
526,2104.0,3682,1182,0.000000000000,0,0,1,4,False,return XML_STATUS_ERROR;
526,2104.0,3682,1184,0.000000000000,0,0,1,4,False,return XML_STATUS_OK;
526,2104.0,3682,1188,0.000000000000,0,0,1,4,False,"XML_ExternalEntityParserCreate(XML_Parser oldParser,"
526,2104.0,3682,1192,0.000000000000,0,0,1,4,False,XML_Parser parser = oldParser;
526,2104.0,3682,1193,0.000000000000,0,0,1,4,False,DTD *newDtd = NULL;
526,2104.0,3682,1234,0.000000000000,0,0,1,4,False,if (oldParser == NULL)
526,2104.0,3682,1235,0.000000000000,0,0,1,4,False,return NULL;
526,2104.0,3682,1238,0.000000000000,0,0,1,4,False,oldDtd = parser->m_dtd;
526,2104.0,3682,1239,0.000000000000,0,0,1,4,False,oldStartElementHandler = parser->m_startElementHandler;
526,2104.0,3682,1240,0.000000000000,0,0,1,4,False,oldEndElementHandler = parser->m_endElementHandler;
526,2104.0,3682,1241,0.000000000000,0,0,1,4,False,oldCharacterDataHandler = parser->m_characterDataHandler;
526,2104.0,3682,1242,0.000000000000,0,0,1,4,False,oldProcessingInstructionHandler = parser->m_processingInstructionHandler;
526,2104.0,3682,1243,0.000000000000,0,0,1,4,False,oldCommentHandler = parser->m_commentHandler;
526,2104.0,3682,1244,0.000000000000,0,0,1,4,False,oldStartCdataSectionHandler = parser->m_startCdataSectionHandler;
526,2104.0,3682,1245,0.000000000000,0,0,1,4,False,oldEndCdataSectionHandler = parser->m_endCdataSectionHandler;
526,2104.0,3682,1246,0.000000000000,0,0,1,4,False,oldDefaultHandler = parser->m_defaultHandler;
526,2104.0,3682,1247,0.000000000000,0,0,1,4,False,oldUnparsedEntityDeclHandler = parser->m_unparsedEntityDeclHandler;
526,2104.0,3682,1248,0.000000000000,0,0,1,4,False,oldNotationDeclHandler = parser->m_notationDeclHandler;
526,2104.0,3682,1249,0.000000000000,0,0,1,4,False,oldStartNamespaceDeclHandler = parser->m_startNamespaceDeclHandler;
526,2104.0,3682,1250,0.000000000000,0,0,1,4,False,oldEndNamespaceDeclHandler = parser->m_endNamespaceDeclHandler;
526,2104.0,3682,1251,0.000000000000,0,0,1,4,False,oldNotStandaloneHandler = parser->m_notStandaloneHandler;
526,2104.0,3682,1252,0.000000000000,0,0,1,4,False,oldExternalEntityRefHandler = parser->m_externalEntityRefHandler;
526,2104.0,3682,1253,0.000000000000,0,0,1,4,False,oldSkippedEntityHandler = parser->m_skippedEntityHandler;
526,2104.0,3682,1254,0.000000000000,0,0,1,4,False,oldUnknownEncodingHandler = parser->m_unknownEncodingHandler;
526,2104.0,3682,1255,0.000000000000,0,0,1,4,False,oldElementDeclHandler = parser->m_elementDeclHandler;
526,2104.0,3682,1256,0.000000000000,0,0,1,4,False,oldAttlistDeclHandler = parser->m_attlistDeclHandler;
526,2104.0,3682,1257,0.000000000000,0,0,1,4,False,oldEntityDeclHandler = parser->m_entityDeclHandler;
526,2104.0,3682,1258,0.000000000000,0,0,1,4,False,oldXmlDeclHandler = parser->m_xmlDeclHandler;
526,2104.0,3682,1259,0.000000000000,0,0,1,4,False,oldDeclElementType = parser->m_declElementType;
526,2104.0,3682,1261,0.000000000000,0,0,1,4,False,oldUserData = parser->m_userData;
526,2104.0,3682,1262,0.000000000000,0,0,1,4,False,oldHandlerArg = parser->m_handlerArg;
526,2104.0,3682,1263,0.000000000000,0,0,1,4,False,oldDefaultExpandInternalEntities = parser->m_defaultExpandInternalEntities;
526,2104.0,3682,1264,0.000000000000,0,0,1,4,False,oldExternalEntityRefHandlerArg = parser->m_externalEntityRefHandlerArg;
526,2104.0,3682,1266,0.000000000000,0,0,1,4,False,oldParamEntityParsing = parser->m_paramEntityParsing;
526,2104.0,3682,1267,0.000000000000,0,0,1,4,False,oldInEntityValue = parser->m_prologState.inEntityValue;
526,2104.0,3682,1269,0.000000000000,0,0,1,4,False,oldns_triplets = parser->m_ns_triplets;
526,2104.0,3682,1275,0.000000000000,0,0,1,4,False,oldhash_secret_salt = parser->m_hash_secret_salt;
526,2104.0,3682,1278,0.000000000000,0,0,1,4,False,if (!context)
526,2104.0,3682,1279,0.000000000000,0,0,1,4,False,newDtd = oldDtd;
526,2104.0,3682,1287,0.000000000000,0,0,1,4,False,if (parser->m_ns) {
526,2104.0,3682,1289,0.000000000000,0,0,1,4,False,*tmp = parser->m_namespaceSeparator;
526,2104.0,3682,1290,0.000000000000,0,0,1,4,False,"parser = parserCreate(encodingName, &parser->m_mem, tmp, newDtd);"
526,2104.0,3682,1293,0.000000000000,0,0,1,4,False,"parser = parserCreate(encodingName, &parser->m_mem, NULL, newDtd);"
526,2104.0,3682,1296,0.000000000000,0,0,1,4,False,if (!parser)
526,2104.0,3682,1297,0.000000000000,0,0,1,4,False,return NULL;
526,2104.0,3682,1299,0.000000000000,0,0,1,4,False,parser->m_startElementHandler = oldStartElementHandler;
526,2104.0,3682,1300,0.000000000000,0,0,1,4,False,parser->m_endElementHandler = oldEndElementHandler;
526,2104.0,3682,1301,0.000000000000,0,0,1,4,False,parser->m_characterDataHandler = oldCharacterDataHandler;
526,2104.0,3682,1302,0.000000000000,0,0,1,4,False,parser->m_processingInstructionHandler = oldProcessingInstructionHandler;
526,2104.0,3682,1303,0.000000000000,0,0,1,4,False,parser->m_commentHandler = oldCommentHandler;
526,2104.0,3682,1304,0.000000000000,0,0,1,4,False,parser->m_startCdataSectionHandler = oldStartCdataSectionHandler;
526,2104.0,3682,1305,0.000000000000,0,0,1,4,False,parser->m_endCdataSectionHandler = oldEndCdataSectionHandler;
526,2104.0,3682,1306,0.000000000000,0,0,1,4,False,parser->m_defaultHandler = oldDefaultHandler;
526,2104.0,3682,1307,0.000000000000,0,0,1,4,False,parser->m_unparsedEntityDeclHandler = oldUnparsedEntityDeclHandler;
526,2104.0,3682,1308,0.000000000000,0,0,1,4,False,parser->m_notationDeclHandler = oldNotationDeclHandler;
526,2104.0,3682,1309,0.000000000000,0,0,1,4,False,parser->m_startNamespaceDeclHandler = oldStartNamespaceDeclHandler;
526,2104.0,3682,1310,0.000000000000,0,0,1,4,False,parser->m_endNamespaceDeclHandler = oldEndNamespaceDeclHandler;
526,2104.0,3682,1311,0.000000000000,0,0,1,4,False,parser->m_notStandaloneHandler = oldNotStandaloneHandler;
526,2104.0,3682,1312,0.000000000000,0,0,1,4,False,parser->m_externalEntityRefHandler = oldExternalEntityRefHandler;
526,2104.0,3682,1313,0.000000000000,0,0,1,4,False,parser->m_skippedEntityHandler = oldSkippedEntityHandler;
526,2104.0,3682,1314,0.000000000000,0,0,1,4,False,parser->m_unknownEncodingHandler = oldUnknownEncodingHandler;
526,2104.0,3682,1315,0.000000000000,0,0,1,4,False,parser->m_elementDeclHandler = oldElementDeclHandler;
526,2104.0,3682,1316,0.000000000000,0,0,1,4,False,parser->m_attlistDeclHandler = oldAttlistDeclHandler;
526,2104.0,3682,1317,0.000000000000,0,0,1,4,False,parser->m_entityDeclHandler = oldEntityDeclHandler;
526,2104.0,3682,1318,0.000000000000,0,0,1,4,False,parser->m_xmlDeclHandler = oldXmlDeclHandler;
526,2104.0,3682,1319,0.000000000000,0,0,1,4,False,parser->m_declElementType = oldDeclElementType;
526,2104.0,3682,1320,0.000000000000,0,0,1,4,False,parser->m_userData = oldUserData;
526,2104.0,3682,1321,0.000000000000,0,0,1,4,False,if (oldUserData == oldHandlerArg)
526,2104.0,3682,1322,0.000000000000,0,0,1,4,False,parser->m_handlerArg = parser->m_userData;
526,2104.0,3682,1324,0.000000000000,0,0,1,4,False,parser->m_handlerArg = parser;
526,2104.0,3682,1325,0.000000000000,0,0,1,4,False,if (oldExternalEntityRefHandlerArg != oldParser)
526,2104.0,3682,1326,0.000000000000,0,0,1,4,False,parser->m_externalEntityRefHandlerArg = oldExternalEntityRefHandlerArg;
526,2104.0,3682,1327,0.000000000000,0,0,1,4,False,parser->m_defaultExpandInternalEntities = oldDefaultExpandInternalEntities;
526,2104.0,3682,1328,0.000000000000,0,0,1,4,False,parser->m_ns_triplets = oldns_triplets;
526,2104.0,3682,1329,0.000000000000,0,0,1,4,False,parser->m_hash_secret_salt = oldhash_secret_salt;
526,2104.0,3682,1330,0.000000000000,0,0,1,4,False,parser->m_parentParser = oldParser;
526,2104.0,3682,1332,0.000000000000,0,0,1,4,False,parser->m_paramEntityParsing = oldParamEntityParsing;
526,2104.0,3682,1333,0.000000000000,0,0,1,4,False,parser->m_prologState.inEntityValue = oldInEntityValue;
526,2104.0,3682,1334,0.000000000000,0,0,1,4,False,if (context) {
526,2104.0,3682,1336,0.000000000000,0,0,1,4,False,"if (!dtdCopy(oldParser, parser->m_dtd, oldDtd, &parser->m_mem)"
526,2104.0,3682,1337,0.000000000000,0,0,1,4,False,"|| !setContext(parser, context)) {"
526,2104.0,3682,1338,0.000000000000,0,0,1,4,False,XML_ParserFree(parser);
526,2104.0,3682,1339,0.000000000000,0,0,1,4,False,return NULL;
526,2104.0,3682,1341,0.000000000000,0,0,1,4,False,parser->m_processor = externalEntityInitProcessor;
526,2104.0,3682,1352,0.000000000000,0,0,1,4,False,parser->m_isParamEntity = XML_TRUE;
526,2104.0,3682,1353,0.000000000000,0,0,1,4,False,XmlPrologStateInitExternalEntity(&parser->m_prologState);
526,2104.0,3682,1354,0.000000000000,0,0,1,4,False,parser->m_processor = externalParEntInitProcessor;
526,2104.0,3682,1357,0.000000000000,0,0,1,4,False,return parser;
526,2104.0,3682,1363,0.000000000000,0,0,1,4,False,for (;;) {
526,2104.0,3682,1367,0.000000000000,0,0,1,4,False,bindings = b->nextTagBinding;
526,2104.0,3682,1368,0.000000000000,0,0,1,4,False,"FREE(parser, b->uri);"
526,2104.0,3682,1369,0.000000000000,0,0,1,4,False,"FREE(parser, b);"
526,2104.0,3682,1379,0.000000000000,0,0,1,4,False,return;
526,2104.0,3682,1382,0.000000000000,0,0,1,4,False,for (;;) {
526,2104.0,3682,1387,0.000000000000,0,0,1,4,False,tagList = parser->m_freeTagList;
526,2104.0,3682,1388,0.000000000000,0,0,1,4,False,parser->m_freeTagList = NULL;
526,2104.0,3682,1390,0.000000000000,0,0,1,4,False,p = tagList;
526,2104.0,3682,1391,0.000000000000,0,0,1,4,False,tagList = tagList->parent;
526,2104.0,3682,1392,0.000000000000,0,0,1,4,False,"FREE(parser, p->buf);"
526,2104.0,3682,1393,0.000000000000,0,0,1,4,False,"destroyBindings(p->bindings, parser);"
526,2104.0,3682,1394,0.000000000000,0,0,1,4,False,"FREE(parser, p);"
526,2104.0,3682,1398,0.000000000000,0,0,1,4,False,for (;;) {
526,2104.0,3682,1403,0.000000000000,0,0,1,4,False,entityList = parser->m_freeInternalEntities;
526,2104.0,3682,1404,0.000000000000,0,0,1,4,False,parser->m_freeInternalEntities = NULL;
526,2104.0,3682,1406,0.000000000000,0,0,1,4,False,openEntity = entityList;
526,2104.0,3682,1407,0.000000000000,0,0,1,4,False,entityList = entityList->next;
526,2104.0,3682,1408,0.000000000000,0,0,1,4,False,"FREE(parser, openEntity);"
526,2104.0,3682,1435,0.000000000000,0,0,1,4,False,parser->m_unknownEncodingRelease(parser->m_unknownEncodingData);
526,2104.0,3682,1440,0.000000000000,0,0,1,4,False,XML_UseParserAsHandlerArg(XML_Parser parser)
526,2104.0,3682,1442,0.000000000000,0,0,1,4,False,if (parser != NULL)
526,2104.0,3682,1443,0.000000000000,0,0,1,4,False,parser->m_handlerArg = parser;
526,2104.0,3682,1444,0.000000000000,0,0,1,4,False,}
526,2104.0,3682,1447,0.000000000000,0,0,1,4,False,"XML_UseForeignDTD(XML_Parser parser, XML_Bool useDTD)"
526,2104.0,3682,1449,0.000000000000,0,0,1,4,False,if (parser == NULL)
526,2104.0,3682,1450,0.000000000000,0,0,1,4,False,return XML_ERROR_INVALID_ARGUMENT;
526,2104.0,3682,1453,0.000000000000,0,0,1,4,False,if (parser->m_parsingStatus.parsing == XML_PARSING || parser->m_parsingStatus.parsing == XML_SUSPENDED)
526,2104.0,3682,1454,0.000000000000,0,0,1,4,False,return XML_ERROR_CANT_CHANGE_FEATURE_ONCE_PARSING;
526,2104.0,3682,1455,0.000000000000,0,0,1,4,False,parser->m_useForeignDTD = useDTD;
526,2104.0,3682,1456,0.000000000000,0,0,1,4,False,return XML_ERROR_NONE;
526,2104.0,3682,1463,0.000000000000,0,0,1,4,False,"XML_SetReturnNSTriplet(XML_Parser parser, int do_nst)"
526,2104.0,3682,1465,0.000000000000,0,0,1,4,False,if (parser == NULL)
526,2104.0,3682,1466,0.000000000000,0,0,1,4,False,return;
526,2104.0,3682,1468,0.000000000000,0,0,1,4,False,if (parser->m_parsingStatus.parsing == XML_PARSING || parser->m_parsingStatus.parsing == XML_SUSPENDED)
526,2104.0,3682,1469,0.000000000000,0,0,1,4,False,return;
526,2104.0,3682,1470,0.000000000000,0,0,1,4,False,parser->m_ns_triplets = do_nst ? XML_TRUE : XML_FALSE;
526,2104.0,3682,1477,0.000000000000,0,0,1,4,False,return;
526,2104.0,3682,1481,0.000000000000,0,0,1,4,False,parser->m_userData = p;
526,2104.0,3682,1485,0.000000000000,0,0,1,4,False,"XML_SetBase(XML_Parser parser, const XML_Char *p)"
526,2104.0,3682,1487,0.000000000000,0,0,1,4,False,if (parser == NULL)
526,2104.0,3682,1488,0.000000000000,0,0,1,4,False,return XML_STATUS_ERROR;
526,2104.0,3682,1489,0.000000000000,0,0,1,4,False,if (p) {
526,2104.0,3682,1490,0.000000000000,0,0,1,4,False,"p = poolCopyString(&parser->m_dtd->pool, p);"
526,2104.0,3682,1491,0.000000000000,0,0,1,4,False,if (!p)
526,2104.0,3682,1492,0.000000000000,0,0,1,4,False,return XML_STATUS_ERROR;
526,2104.0,3682,1493,0.000000000000,0,0,1,4,False,parser->m_curBase = p;
526,2104.0,3682,1496,0.000000000000,0,0,1,4,False,parser->m_curBase = NULL;
526,2104.0,3682,1497,0.000000000000,0,0,1,4,False,return XML_STATUS_OK;
526,2104.0,3682,1501,0.000000000000,0,0,1,4,False,XML_GetBase(XML_Parser parser)
526,2104.0,3682,1503,0.000000000000,0,0,1,4,False,if (parser == NULL)
526,2104.0,3682,1504,0.000000000000,0,0,1,4,False,return NULL;
526,2104.0,3682,1505,0.000000000000,0,0,1,4,False,return parser->m_curBase;
526,2104.0,3682,1509,0.000000000000,0,0,1,4,False,XML_GetSpecifiedAttributeCount(XML_Parser parser)
526,2104.0,3682,1511,0.000000000000,0,0,1,4,False,if (parser == NULL)
526,2104.0,3682,1512,0.000000000000,0,0,1,4,False,return -1;
526,2104.0,3682,1513,0.000000000000,0,0,1,4,False,return parser->m_nSpecifiedAtts;
526,2104.0,3682,1517,0.000000000000,0,0,1,4,False,XML_GetIdAttributeIndex(XML_Parser parser)
526,2104.0,3682,1519,0.000000000000,0,0,1,4,False,if (parser == NULL)
526,2104.0,3682,1520,0.000000000000,0,0,1,4,False,return -1;
526,2104.0,3682,1521,0.000000000000,0,0,1,4,False,return parser->m_idAttIndex;
526,2104.0,3682,1540,0.000000000000,0,0,1,4,False,return;
526,2104.0,3682,1546,0.000000000000,0,0,1,4,False,"XML_SetStartElementHandler(XML_Parser parser,"
526,2104.0,3682,1548,0.000000000000,0,0,1,4,False,if (parser != NULL)
526,2104.0,3682,1549,0.000000000000,0,0,1,4,False,parser->m_startElementHandler = start;
526,2104.0,3682,1550,0.000000000000,0,0,1,4,False,}
526,2104.0,3682,1553,0.000000000000,0,0,1,4,False,"XML_SetEndElementHandler(XML_Parser parser,"
526,2104.0,3682,1555,0.000000000000,0,0,1,4,False,if (parser != NULL)
526,2104.0,3682,1556,0.000000000000,0,0,1,4,False,parser->m_endElementHandler = end;
526,2104.0,3682,1557,0.000000000000,0,0,1,4,False,}
526,2104.0,3682,1560,0.000000000000,0,0,1,4,False,"XML_SetCharacterDataHandler(XML_Parser parser,"
526,2104.0,3682,1563,0.000000000000,0,0,1,4,False,if (parser != NULL)
526,2104.0,3682,1564,0.000000000000,0,0,1,4,False,parser->m_characterDataHandler = handler;
526,2104.0,3682,1565,0.000000000000,0,0,1,4,False,}
526,2104.0,3682,1568,0.000000000000,0,0,1,4,False,"XML_SetProcessingInstructionHandler(XML_Parser parser,"
526,2104.0,3682,1571,0.000000000000,0,0,1,4,False,if (parser != NULL)
526,2104.0,3682,1572,0.000000000000,0,0,1,4,False,parser->m_processingInstructionHandler = handler;
526,2104.0,3682,1573,0.000000000000,0,0,1,4,False,}
526,2104.0,3682,1576,0.000000000000,0,0,1,4,False,"XML_SetCommentHandler(XML_Parser parser,"
526,2104.0,3682,1579,0.000000000000,0,0,1,4,False,if (parser != NULL)
526,2104.0,3682,1580,0.000000000000,0,0,1,4,False,parser->m_commentHandler = handler;
526,2104.0,3682,1581,0.000000000000,0,0,1,4,False,}
526,2104.0,3682,1584,0.000000000000,0,0,1,4,False,"XML_SetCdataSectionHandler(XML_Parser parser,"
526,2104.0,3682,1588,0.000000000000,0,0,1,4,False,if (parser == NULL)
526,2104.0,3682,1589,0.000000000000,0,0,1,4,False,return;
526,2104.0,3682,1590,0.000000000000,0,0,1,4,False,parser->m_startCdataSectionHandler = start;
526,2104.0,3682,1591,0.000000000000,0,0,1,4,False,parser->m_endCdataSectionHandler = end;
526,2104.0,3682,1595,0.000000000000,0,0,1,4,False,"XML_SetStartCdataSectionHandler(XML_Parser parser,"
526,2104.0,3682,1597,0.000000000000,0,0,1,4,False,if (parser != NULL)
526,2104.0,3682,1598,0.000000000000,0,0,1,4,False,parser->m_startCdataSectionHandler = start;
526,2104.0,3682,1599,0.000000000000,0,0,1,4,False,}
526,2104.0,3682,1602,0.000000000000,0,0,1,4,False,"XML_SetEndCdataSectionHandler(XML_Parser parser,"
526,2104.0,3682,1604,0.000000000000,0,0,1,4,False,if (parser != NULL)
526,2104.0,3682,1605,0.000000000000,0,0,1,4,False,parser->m_endCdataSectionHandler = end;
526,2104.0,3682,1606,0.000000000000,0,0,1,4,False,}
526,2104.0,3682,1609,0.000000000000,0,0,1,4,False,"XML_SetDefaultHandler(XML_Parser parser,"
526,2104.0,3682,1612,0.000000000000,0,0,1,4,False,if (parser == NULL)
526,2104.0,3682,1613,0.000000000000,0,0,1,4,False,return;
526,2104.0,3682,1614,0.000000000000,0,0,1,4,False,parser->m_defaultHandler = handler;
526,2104.0,3682,1615,0.000000000000,0,0,1,4,False,parser->m_defaultExpandInternalEntities = XML_FALSE;
526,2104.0,3682,1619,0.000000000000,0,0,1,4,False,"XML_SetDefaultHandlerExpand(XML_Parser parser,"
526,2104.0,3682,1622,0.000000000000,0,0,1,4,False,if (parser == NULL)
526,2104.0,3682,1623,0.000000000000,0,0,1,4,False,return;
526,2104.0,3682,1624,0.000000000000,0,0,1,4,False,parser->m_defaultHandler = handler;
526,2104.0,3682,1625,0.000000000000,0,0,1,4,False,parser->m_defaultExpandInternalEntities = XML_TRUE;
526,2104.0,3682,1629,0.000000000000,0,0,1,4,False,"XML_SetDoctypeDeclHandler(XML_Parser parser,"
526,2104.0,3682,1633,0.000000000000,0,0,1,4,False,if (parser == NULL)
526,2104.0,3682,1634,0.000000000000,0,0,1,4,False,return;
526,2104.0,3682,1635,0.000000000000,0,0,1,4,False,parser->m_startDoctypeDeclHandler = start;
526,2104.0,3682,1636,0.000000000000,0,0,1,4,False,parser->m_endDoctypeDeclHandler = end;
526,2104.0,3682,1640,0.000000000000,0,0,1,4,False,"XML_SetStartDoctypeDeclHandler(XML_Parser parser,"
526,2104.0,3682,1642,0.000000000000,0,0,1,4,False,if (parser != NULL)
526,2104.0,3682,1643,0.000000000000,0,0,1,4,False,parser->m_startDoctypeDeclHandler = start;
526,2104.0,3682,1644,0.000000000000,0,0,1,4,False,}
526,2104.0,3682,1647,0.000000000000,0,0,1,4,False,"XML_SetEndDoctypeDeclHandler(XML_Parser parser,"
526,2104.0,3682,1649,0.000000000000,0,0,1,4,False,if (parser != NULL)
526,2104.0,3682,1650,0.000000000000,0,0,1,4,False,parser->m_endDoctypeDeclHandler = end;
526,2104.0,3682,1651,0.000000000000,0,0,1,4,False,}
526,2104.0,3682,1654,0.000000000000,0,0,1,4,False,"XML_SetUnparsedEntityDeclHandler(XML_Parser parser,"
526,2104.0,3682,1657,0.000000000000,0,0,1,4,False,if (parser != NULL)
526,2104.0,3682,1658,0.000000000000,0,0,1,4,False,parser->m_unparsedEntityDeclHandler = handler;
526,2104.0,3682,1659,0.000000000000,0,0,1,4,False,}
526,2104.0,3682,1662,0.000000000000,0,0,1,4,False,"XML_SetNotationDeclHandler(XML_Parser parser,"
526,2104.0,3682,1665,0.000000000000,0,0,1,4,False,if (parser != NULL)
526,2104.0,3682,1666,0.000000000000,0,0,1,4,False,parser->m_notationDeclHandler = handler;
526,2104.0,3682,1667,0.000000000000,0,0,1,4,False,}
526,2104.0,3682,1670,0.000000000000,0,0,1,4,False,"XML_SetNamespaceDeclHandler(XML_Parser parser,"
526,2104.0,3682,1674,0.000000000000,0,0,1,4,False,if (parser == NULL)
526,2104.0,3682,1675,0.000000000000,0,0,1,4,False,return;
526,2104.0,3682,1676,0.000000000000,0,0,1,4,False,parser->m_startNamespaceDeclHandler = start;
526,2104.0,3682,1677,0.000000000000,0,0,1,4,False,parser->m_endNamespaceDeclHandler = end;
526,2104.0,3682,1681,0.000000000000,0,0,1,4,False,"XML_SetStartNamespaceDeclHandler(XML_Parser parser,"
526,2104.0,3682,1683,0.000000000000,0,0,1,4,False,if (parser != NULL)
526,2104.0,3682,1684,0.000000000000,0,0,1,4,False,parser->m_startNamespaceDeclHandler = start;
526,2104.0,3682,1685,0.000000000000,0,0,1,4,False,}
526,2104.0,3682,1688,0.000000000000,0,0,1,4,False,"XML_SetEndNamespaceDeclHandler(XML_Parser parser,"
526,2104.0,3682,1690,0.000000000000,0,0,1,4,False,if (parser != NULL)
526,2104.0,3682,1691,0.000000000000,0,0,1,4,False,parser->m_endNamespaceDeclHandler = end;
526,2104.0,3682,1692,0.000000000000,0,0,1,4,False,}
526,2104.0,3682,1695,0.000000000000,0,0,1,4,False,"XML_SetNotStandaloneHandler(XML_Parser parser,"
526,2104.0,3682,1698,0.000000000000,0,0,1,4,False,if (parser != NULL)
526,2104.0,3682,1699,0.000000000000,0,0,1,4,False,parser->m_notStandaloneHandler = handler;
526,2104.0,3682,1700,0.000000000000,0,0,1,4,False,}
526,2104.0,3682,1703,0.000000000000,0,0,1,4,False,"XML_SetExternalEntityRefHandler(XML_Parser parser,"
526,2104.0,3682,1706,0.000000000000,0,0,1,4,False,if (parser != NULL)
526,2104.0,3682,1707,0.000000000000,0,0,1,4,False,parser->m_externalEntityRefHandler = handler;
526,2104.0,3682,1708,0.000000000000,0,0,1,4,False,}
526,2104.0,3682,1711,0.000000000000,0,0,1,4,False,"XML_SetExternalEntityRefHandlerArg(XML_Parser parser, void *arg)"
526,2104.0,3682,1713,0.000000000000,0,0,1,4,False,if (parser == NULL)
526,2104.0,3682,1714,0.000000000000,0,0,1,4,False,return;
526,2104.0,3682,1715,0.000000000000,0,0,1,4,False,if (arg)
526,2104.0,3682,1716,0.000000000000,0,0,1,4,False,parser->m_externalEntityRefHandlerArg = (XML_Parser)arg;
526,2104.0,3682,1718,0.000000000000,0,0,1,4,False,parser->m_externalEntityRefHandlerArg = parser;
526,2104.0,3682,1722,0.000000000000,0,0,1,4,False,"XML_SetSkippedEntityHandler(XML_Parser parser,"
526,2104.0,3682,1725,0.000000000000,0,0,1,4,False,if (parser != NULL)
526,2104.0,3682,1726,0.000000000000,0,0,1,4,False,parser->m_skippedEntityHandler = handler;
526,2104.0,3682,1727,0.000000000000,0,0,1,4,False,}
526,2104.0,3682,1730,0.000000000000,0,0,1,4,False,"XML_SetUnknownEncodingHandler(XML_Parser parser,"
526,2104.0,3682,1734,0.000000000000,0,0,1,4,False,if (parser == NULL)
526,2104.0,3682,1735,0.000000000000,0,0,1,4,False,return;
526,2104.0,3682,1736,0.000000000000,0,0,1,4,False,parser->m_unknownEncodingHandler = handler;
526,2104.0,3682,1737,0.000000000000,0,0,1,4,False,parser->m_unknownEncodingHandlerData = data;
526,2104.0,3682,1741,0.000000000000,0,0,1,4,False,"XML_SetElementDeclHandler(XML_Parser parser,"
526,2104.0,3682,1744,0.000000000000,0,0,1,4,False,if (parser != NULL)
526,2104.0,3682,1745,0.000000000000,0,0,1,4,False,parser->m_elementDeclHandler = eldecl;
526,2104.0,3682,1746,0.000000000000,0,0,1,4,False,}
526,2104.0,3682,1749,0.000000000000,0,0,1,4,False,"XML_SetAttlistDeclHandler(XML_Parser parser,"
526,2104.0,3682,1752,0.000000000000,0,0,1,4,False,if (parser != NULL)
526,2104.0,3682,1753,0.000000000000,0,0,1,4,False,parser->m_attlistDeclHandler = attdecl;
526,2104.0,3682,1754,0.000000000000,0,0,1,4,False,}
526,2104.0,3682,1757,0.000000000000,0,0,1,4,False,"XML_SetEntityDeclHandler(XML_Parser parser,"
526,2104.0,3682,1760,0.000000000000,0,0,1,4,False,if (parser != NULL)
526,2104.0,3682,1761,0.000000000000,0,0,1,4,False,parser->m_entityDeclHandler = handler;
526,2104.0,3682,1762,0.000000000000,0,0,1,4,False,}
526,2104.0,3682,1765,0.000000000000,0,0,1,4,False,"XML_SetXmlDeclHandler(XML_Parser parser,"
526,2104.0,3682,1767,0.000000000000,0,0,1,4,False,if (parser != NULL)
526,2104.0,3682,1768,0.000000000000,0,0,1,4,False,parser->m_xmlDeclHandler = handler;
526,2104.0,3682,1769,0.000000000000,0,0,1,4,False,}
526,2104.0,3682,1772,0.000000000000,0,0,1,4,False,"XML_SetParamEntityParsing(XML_Parser parser,"
526,2104.0,3682,1775,0.000000000000,0,0,1,4,False,if (parser == NULL)
526,2104.0,3682,1776,0.000000000000,0,0,1,4,False,return 0;
526,2104.0,3682,1778,0.000000000000,0,0,1,4,False,if (parser->m_parsingStatus.parsing == XML_PARSING || parser->m_parsingStatus.parsing == XML_SUSPENDED)
526,2104.0,3682,1779,0.000000000000,0,0,1,4,False,return 0;
526,2104.0,3682,1781,0.000000000000,0,0,1,4,False,parser->m_paramEntityParsing = peParsing;
526,2104.0,3682,1782,0.000000000000,0,0,1,4,False,return 1;
526,2104.0,3682,1789,0.000000000000,0,0,1,4,False,"XML_SetHashSalt(XML_Parser parser,"
526,2104.0,3682,1792,0.000000000000,0,0,1,4,False,if (parser == NULL)
526,2104.0,3682,1793,0.000000000000,0,0,1,4,False,return 0;
526,2104.0,3682,1794,0.000000000000,0,0,1,4,False,if (parser->m_parentParser)
526,2104.0,3682,1795,0.000000000000,0,0,1,4,False,"return XML_SetHashSalt(parser->m_parentParser, hash_salt);"
526,2104.0,3682,1797,0.000000000000,0,0,1,4,False,if (parser->m_parsingStatus.parsing == XML_PARSING || parser->m_parsingStatus.parsing == XML_SUSPENDED)
526,2104.0,3682,1798,0.000000000000,0,0,1,4,False,return 0;
526,2104.0,3682,1799,0.000000000000,0,0,1,4,False,parser->m_hash_secret_salt = hash_salt;
526,2104.0,3682,1800,0.000000000000,0,0,1,4,False,return 1;
526,2104.0,3682,1807,0.000000000000,0,0,1,4,False,if (parser != NULL)
526,2104.0,3682,1808,0.000000000000,0,0,1,4,False,parser->m_errorCode = XML_ERROR_INVALID_ARGUMENT;
526,2104.0,3682,1809,0.000000000000,0,0,1,4,False,return XML_STATUS_ERROR;
526,2104.0,3682,1812,0.000000000000,0,0,1,4,False,case XML_SUSPENDED:
526,2104.0,3682,1813,0.000000000000,0,0,1,4,False,parser->m_errorCode = XML_ERROR_SUSPENDED;
526,2104.0,3682,1814,0.000000000000,0,0,1,4,False,return XML_STATUS_ERROR;
526,2104.0,3682,1815,0.000000000000,0,0,1,4,False,case XML_FINISHED:
526,2104.0,3682,1816,0.000000000000,0,0,1,4,False,parser->m_errorCode = XML_ERROR_FINISHED;
526,2104.0,3682,1817,0.000000000000,0,0,1,4,False,return XML_STATUS_ERROR;
526,2104.0,3682,1820,0.000000000000,0,0,1,4,False,parser->m_errorCode = XML_ERROR_NO_MEMORY;
526,2104.0,3682,1821,0.000000000000,0,0,1,4,False,return XML_STATUS_ERROR;
526,2104.0,3682,1828,0.000000000000,0,0,1,4,False,parser->m_parsingStatus.finalBuffer = (XML_Bool)isFinal;
526,2104.0,3682,1829,0.000000000000,0,0,1,4,False,if (!isFinal)
526,2104.0,3682,1830,0.000000000000,0,0,1,4,False,return XML_STATUS_OK;
526,2104.0,3682,1831,0.000000000000,0,0,1,4,False,parser->m_positionPtr = parser->m_bufferPtr;
526,2104.0,3682,1832,0.000000000000,0,0,1,4,False,parser->m_parseEndPtr = parser->m_bufferEnd;
526,2104.0,3682,1838,0.000000000000,0,0,1,4,False,"parser->m_errorCode = parser->m_processor(parser, parser->m_bufferPtr, parser->m_parseEndPtr, &parser->m_bufferPtr);"
526,2104.0,3682,1840,0.000000000000,0,0,1,4,False,if (parser->m_errorCode == XML_ERROR_NONE) {
526,2104.0,3682,1841,0.000000000000,0,0,1,4,False,switch (parser->m_parsingStatus.parsing) {
526,2104.0,3682,1842,0.000000000000,0,0,1,4,False,case XML_SUSPENDED:
526,2104.0,3682,1855,0.000000000000,0,0,1,4,False,"XmlUpdatePosition(parser->m_encoding, parser->m_positionPtr, parser->m_bufferPtr, &parser->m_position);"
526,2104.0,3682,1856,0.000000000000,0,0,1,4,False,parser->m_positionPtr = parser->m_bufferPtr;
526,2104.0,3682,1857,0.000000000000,0,0,1,4,False,return XML_STATUS_SUSPENDED;
526,2104.0,3682,1859,0.000000000000,0,0,1,4,False,case XML_INITIALIZED:
526,2104.0,3682,1861,0.000000000000,0,0,1,4,False,parser->m_parsingStatus.parsing = XML_FINISHED;
526,2104.0,3682,1863,0.000000000000,0,0,1,4,False,default:
526,2104.0,3682,1864,0.000000000000,0,0,1,4,False,return XML_STATUS_OK;
526,2104.0,3682,1867,0.000000000000,0,0,1,4,False,parser->m_eventEndPtr = parser->m_eventPtr;
526,2104.0,3682,1868,0.000000000000,0,0,1,4,False,parser->m_processor = errorProcessor;
526,2104.0,3682,1869,0.000000000000,0,0,1,4,False,return XML_STATUS_ERROR;
526,2104.0,3682,1944,0.000000000000,0,0,1,4,False,return XML_STATUS_ERROR;
526,2104.0,3682,1959,0.000000000000,0,0,1,4,False,return XML_STATUS_ERROR;
526,2104.0,3682,1961,0.000000000000,0,0,1,4,False,case XML_SUSPENDED:
526,2104.0,3682,1962,0.000000000000,0,0,1,4,False,parser->m_errorCode = XML_ERROR_SUSPENDED;
526,2104.0,3682,1963,0.000000000000,0,0,1,4,False,return XML_STATUS_ERROR;
526,2104.0,3682,1964,0.000000000000,0,0,1,4,False,case XML_FINISHED:
526,2104.0,3682,1965,0.000000000000,0,0,1,4,False,parser->m_errorCode = XML_ERROR_FINISHED;
526,2104.0,3682,1966,0.000000000000,0,0,1,4,False,return XML_STATUS_ERROR;
526,2104.0,3682,1967,0.000000000000,0,0,1,4,False,case XML_INITIALIZED:
526,2104.0,3682,1968,0.000000000000,0,0,1,4,False,if (parser->m_parentParser == NULL && !startParsing(parser)) {
526,2104.0,3682,1969,0.000000000000,0,0,1,4,False,parser->m_errorCode = XML_ERROR_NO_MEMORY;
526,2104.0,3682,1970,0.000000000000,0,0,1,4,False,return XML_STATUS_ERROR;
526,2104.0,3682,1986,0.000000000000,0,0,1,4,False,parser->m_eventEndPtr = parser->m_eventPtr;
526,2104.0,3682,1987,0.000000000000,0,0,1,4,False,parser->m_processor = errorProcessor;
526,2104.0,3682,1988,0.000000000000,0,0,1,4,False,return XML_STATUS_ERROR;
526,2104.0,3682,1995,0.000000000000,0,4,1,0,False,case XML_INITIALIZED:
526,2104.0,3682,1997,0.000000000000,0,4,1,0,False,if (isFinal) {
526,2104.0,3682,1998,0.000000000000,0,4,1,0,False,parser->m_parsingStatus.parsing = XML_FINISHED;
526,2104.0,3682,1999,0.000000000000,0,4,1,0,False,return result;
526,2104.0,3682,2014,0.000000000000,0,0,1,4,False,return NULL;
526,2104.0,3682,2016,0.000000000000,0,0,1,4,False,parser->m_errorCode = XML_ERROR_NO_MEMORY;
526,2104.0,3682,2017,0.000000000000,0,0,1,4,False,return NULL;
526,2104.0,3682,2020,0.000000000000,0,0,1,4,False,case XML_SUSPENDED:
526,2104.0,3682,2021,0.000000000000,0,0,1,4,False,parser->m_errorCode = XML_ERROR_SUSPENDED;
526,2104.0,3682,2022,0.000000000000,0,0,1,4,False,return NULL;
526,2104.0,3682,2023,0.000000000000,0,0,1,4,False,case XML_FINISHED:
526,2104.0,3682,2024,0.000000000000,0,0,1,4,False,parser->m_errorCode = XML_ERROR_FINISHED;
526,2104.0,3682,2025,0.000000000000,0,0,1,4,False,return NULL;
526,2104.0,3682,2036,0.000000000000,0,0,1,4,False,parser->m_errorCode = XML_ERROR_NO_MEMORY;
526,2104.0,3682,2037,0.000000000000,0,0,1,4,False,return NULL;
526,2104.0,3682,2042,0.000000000000,0,0,1,4,False,keep = XML_CONTEXT_BYTES;
526,2104.0,3682,2047,0.000000000000,0,0,1,4,False,if (keep < parser->m_bufferPtr - parser->m_buffer) {
526,2104.0,3682,2048,0.000000000000,0,0,1,4,False,int offset = (int)(parser->m_bufferPtr - parser->m_buffer) - keep;
526,2104.0,3682,2049,0.000000000000,0,0,1,4,False,"memmove(parser->m_buffer, &parser->m_buffer[offset], parser->m_bufferEnd - parser->m_bufferPtr + keep);"
526,2104.0,3682,2050,0.000000000000,0,0,1,4,False,parser->m_bufferEnd -= offset;
526,2104.0,3682,2051,0.000000000000,0,0,1,4,False,parser->m_bufferPtr -= offset;
526,2104.0,3682,2069,0.000000000000,0,0,1,4,False,parser->m_errorCode = XML_ERROR_NO_MEMORY;
526,2104.0,3682,2070,0.000000000000,0,0,1,4,False,return NULL;
526,2104.0,3682,2074,0.000000000000,0,0,1,4,False,parser->m_errorCode = XML_ERROR_NO_MEMORY;
526,2104.0,3682,2075,0.000000000000,0,0,1,4,False,return NULL;
526,2104.0,3682,2080,0.000000000000,0,0,1,4,False,int keep = (int)(parser->m_bufferPtr - parser->m_buffer);
526,2104.0,3682,2081,0.000000000000,0,0,1,4,False,if (keep > XML_CONTEXT_BYTES)
526,2104.0,3682,2082,0.000000000000,0,0,1,4,False,keep = XML_CONTEXT_BYTES;
526,2104.0,3682,2083,0.000000000000,0,0,1,4,False,"memcpy(newBuf, &parser->m_bufferPtr[-keep], parser->m_bufferEnd - parser->m_bufferPtr + keep);"
526,2104.0,3682,2084,0.000000000000,0,0,1,4,False,"FREE(parser, parser->m_buffer);"
526,2104.0,3682,2085,0.000000000000,0,0,1,4,False,parser->m_buffer = newBuf;
526,2104.0,3682,2086,0.000000000000,0,0,1,4,False,parser->m_bufferEnd = parser->m_buffer + (parser->m_bufferEnd - parser->m_bufferPtr) + keep;
526,2104.0,3682,2087,0.000000000000,0,0,1,4,False,parser->m_bufferPtr = parser->m_buffer + keep;
526,2104.0,3682,2112,0.000000000000,0,0,1,4,False,return XML_STATUS_ERROR;
526,2104.0,3682,2114,0.000000000000,0,0,1,4,False,case XML_SUSPENDED:
526,2104.0,3682,2115,0.000000000000,0,0,1,4,False,if (resumable) {
526,2104.0,3682,2116,0.000000000000,0,0,1,4,False,parser->m_errorCode = XML_ERROR_SUSPENDED;
526,2104.0,3682,2117,0.000000000000,0,0,1,4,False,return XML_STATUS_ERROR;
526,2104.0,3682,2119,0.000000000000,0,0,1,4,False,parser->m_parsingStatus.parsing = XML_FINISHED;
526,2104.0,3682,2120,0.000000000000,0,0,1,4,False,break;
526,2104.0,3682,2121,0.000000000000,0,0,1,4,False,case XML_FINISHED:
526,2104.0,3682,2122,0.000000000000,0,0,1,4,False,parser->m_errorCode = XML_ERROR_FINISHED;
526,2104.0,3682,2123,0.000000000000,0,0,1,4,False,return XML_STATUS_ERROR;
526,2104.0,3682,2128,0.000000000000,0,0,1,4,False,parser->m_errorCode = XML_ERROR_SUSPEND_PE;
526,2104.0,3682,2129,0.000000000000,0,0,1,4,False,return XML_STATUS_ERROR;
526,2104.0,3682,2135,0.000000000000,0,0,1,4,False,parser->m_parsingStatus.parsing = XML_FINISHED;
526,2104.0,3682,2146,0.000000000000,0,0,1,4,False,return XML_STATUS_ERROR;
526,2104.0,3682,2148,0.000000000000,0,0,1,4,False,parser->m_errorCode = XML_ERROR_NOT_SUSPENDED;
526,2104.0,3682,2149,0.000000000000,0,0,1,4,False,return XML_STATUS_ERROR;
526,2104.0,3682,2161,0.000000000000,0,0,1,4,False,switch (parser->m_parsingStatus.parsing) {
526,2104.0,3682,2162,0.000000000000,0,0,1,4,False,case XML_SUSPENDED:
526,2104.0,3682,2163,0.000000000000,0,0,1,4,False,result = XML_STATUS_SUSPENDED;
526,2104.0,3682,2164,0.000000000000,0,0,1,4,False,break;
526,2104.0,3682,2165,0.000000000000,0,0,1,4,False,case XML_INITIALIZED:
526,2104.0,3682,2167,0.000000000000,0,0,1,4,False,if (parser->m_parsingStatus.finalBuffer) {
526,2104.0,3682,2168,0.000000000000,0,0,1,4,False,parser->m_parsingStatus.parsing = XML_FINISHED;
526,2104.0,3682,2169,0.000000000000,0,0,1,4,False,return result;
526,2104.0,3682,2175,0.000000000000,0,0,1,4,False,"XmlUpdatePosition(parser->m_encoding, parser->m_positionPtr, parser->m_bufferPtr, &parser->m_position);"
526,2104.0,3682,2176,0.000000000000,0,0,1,4,False,parser->m_positionPtr = parser->m_bufferPtr;
526,2104.0,3682,2177,0.000000000000,0,0,1,4,False,return result;
526,2104.0,3682,2181,0.000000000000,0,0,1,4,False,"XML_GetParsingStatus(XML_Parser parser, XML_ParsingStatus *status)"
526,2104.0,3682,2183,0.000000000000,0,0,1,4,False,if (parser == NULL)
526,2104.0,3682,2184,0.000000000000,0,0,1,4,False,return;
526,2104.0,3682,2185,0.000000000000,0,0,1,4,False,assert(status != NULL);
526,2104.0,3682,2186,0.000000000000,0,0,1,4,False,*status = parser->m_parsingStatus;
526,2104.0,3682,2193,0.000000000000,0,0,1,4,False,return XML_ERROR_INVALID_ARGUMENT;
526,2104.0,3682,2198,0.000000000000,0,0,1,4,False,XML_GetCurrentByteIndex(XML_Parser parser)
526,2104.0,3682,2200,0.000000000000,0,0,1,4,False,if (parser == NULL)
526,2104.0,3682,2201,0.000000000000,0,0,1,4,False,return -1;
526,2104.0,3682,2202,0.000000000000,0,0,1,4,False,if (parser->m_eventPtr)
526,2104.0,3682,2203,0.000000000000,0,0,1,4,False,return (XML_Index)(parser->m_parseEndByteIndex - (parser->m_parseEndPtr - parser->m_eventPtr));
526,2104.0,3682,2204,0.000000000000,0,0,1,4,False,return -1;
526,2104.0,3682,2208,0.000000000000,0,0,1,4,False,XML_GetCurrentByteCount(XML_Parser parser)
526,2104.0,3682,2210,0.000000000000,0,0,1,4,False,if (parser == NULL)
526,2104.0,3682,2211,0.000000000000,0,0,1,4,False,return 0;
526,2104.0,3682,2212,0.000000000000,0,0,1,4,False,if (parser->m_eventEndPtr && parser->m_eventPtr)
526,2104.0,3682,2213,0.000000000000,0,0,1,4,False,return (int)(parser->m_eventEndPtr - parser->m_eventPtr);
526,2104.0,3682,2214,0.000000000000,0,0,1,4,False,return 0;
526,2104.0,3682,2218,0.000000000000,0,0,1,4,False,"XML_GetInputContext(XML_Parser parser, int *offset, int *size)"
526,2104.0,3682,2221,0.000000000000,0,0,1,4,False,if (parser == NULL)
526,2104.0,3682,2222,0.000000000000,0,0,1,4,False,return NULL;
526,2104.0,3682,2223,0.000000000000,0,0,1,4,False,if (parser->m_eventPtr && parser->m_buffer) {
526,2104.0,3682,2224,0.000000000000,0,0,1,4,False,if (offset != NULL)
526,2104.0,3682,2225,0.000000000000,0,0,1,4,False,*offset = (int)(parser->m_eventPtr - parser->m_buffer);
526,2104.0,3682,2226,0.000000000000,0,0,1,4,False,if (size != NULL)
526,2104.0,3682,2227,0.000000000000,0,0,1,4,False,*size   = (int)(parser->m_bufferEnd - parser->m_buffer);
526,2104.0,3682,2228,0.000000000000,0,0,1,4,False,return parser->m_buffer;
526,2104.0,3682,2235,0.000000000000,0,0,1,4,False,return (char *) 0;
526,2104.0,3682,2239,0.000000000000,0,0,1,4,False,XML_GetCurrentLineNumber(XML_Parser parser)
526,2104.0,3682,2241,0.000000000000,0,0,1,4,False,if (parser == NULL)
526,2104.0,3682,2242,0.000000000000,0,0,1,4,False,return 0;
526,2104.0,3682,2243,0.000000000000,0,0,1,4,False,if (parser->m_eventPtr && parser->m_eventPtr >= parser->m_positionPtr) {
526,2104.0,3682,2244,0.000000000000,0,0,1,4,False,"XmlUpdatePosition(parser->m_encoding, parser->m_positionPtr, parser->m_eventPtr, &parser->m_position);"
526,2104.0,3682,2245,0.000000000000,0,0,1,4,False,parser->m_positionPtr = parser->m_eventPtr;
526,2104.0,3682,2247,0.000000000000,0,0,1,4,False,return parser->m_position.lineNumber + 1;
526,2104.0,3682,2251,0.000000000000,0,0,1,4,False,XML_GetCurrentColumnNumber(XML_Parser parser)
526,2104.0,3682,2253,0.000000000000,0,0,1,4,False,if (parser == NULL)
526,2104.0,3682,2254,0.000000000000,0,0,1,4,False,return 0;
526,2104.0,3682,2255,0.000000000000,0,0,1,4,False,if (parser->m_eventPtr && parser->m_eventPtr >= parser->m_positionPtr) {
526,2104.0,3682,2256,0.000000000000,0,0,1,4,False,"XmlUpdatePosition(parser->m_encoding, parser->m_positionPtr, parser->m_eventPtr, &parser->m_position);"
526,2104.0,3682,2257,0.000000000000,0,0,1,4,False,parser->m_positionPtr = parser->m_eventPtr;
526,2104.0,3682,2259,0.000000000000,0,0,1,4,False,return parser->m_position.columnNumber;
526,2104.0,3682,2263,0.000000000000,0,0,1,4,False,"XML_FreeContentModel(XML_Parser parser, XML_Content *model)"
526,2104.0,3682,2265,0.000000000000,0,0,1,4,False,if (parser != NULL)
526,2104.0,3682,2266,0.000000000000,0,0,1,4,False,"FREE(parser, model);"
526,2104.0,3682,2267,0.000000000000,0,0,1,4,False,}
526,2104.0,3682,2270,0.000000000000,0,0,1,4,False,"XML_MemMalloc(XML_Parser parser, size_t size)"
526,2104.0,3682,2272,0.000000000000,0,0,1,4,False,if (parser == NULL)
526,2104.0,3682,2273,0.000000000000,0,0,1,4,False,return NULL;
526,2104.0,3682,2274,0.000000000000,0,0,1,4,False,"return MALLOC(parser, size);"
526,2104.0,3682,2278,0.000000000000,0,0,1,4,False,"XML_MemRealloc(XML_Parser parser, void *ptr, size_t size)"
526,2104.0,3682,2280,0.000000000000,0,0,1,4,False,if (parser == NULL)
526,2104.0,3682,2281,0.000000000000,0,0,1,4,False,return NULL;
526,2104.0,3682,2282,0.000000000000,0,0,1,4,False,"return REALLOC(parser, ptr, size);"
526,2104.0,3682,2286,0.000000000000,0,0,1,4,False,"XML_MemFree(XML_Parser parser, void *ptr)"
526,2104.0,3682,2288,0.000000000000,0,0,1,4,False,if (parser != NULL)
526,2104.0,3682,2289,0.000000000000,0,0,1,4,False,"FREE(parser, ptr);"
526,2104.0,3682,2290,0.000000000000,0,0,1,4,False,}
526,2104.0,3682,2293,0.000000000000,0,0,1,4,False,XML_DefaultCurrent(XML_Parser parser)
526,2104.0,3682,2295,0.000000000000,0,0,1,4,False,if (parser == NULL)
526,2104.0,3682,2296,0.000000000000,0,0,1,4,False,return;
526,2104.0,3682,2297,0.000000000000,0,0,1,4,False,if (parser->m_defaultHandler) {
526,2104.0,3682,2298,0.000000000000,0,0,1,4,False,if (parser->m_openInternalEntities)
526,2104.0,3682,2299,0.000000000000,0,0,1,4,False,"reportDefault(parser,"
526,2104.0,3682,2301,0.000000000000,0,0,1,4,False,"parser->m_openInternalEntities->internalEventPtr,"
526,2104.0,3682,2302,0.000000000000,0,0,1,4,False,parser->m_openInternalEntities->internalEventEndPtr);
526,2104.0,3682,2304,0.000000000000,0,0,1,4,False,"reportDefault(parser, parser->m_encoding, parser->m_eventPtr, parser->m_eventEndPtr);"
526,2104.0,3682,2312,0.000000000000,0,0,1,4,False,case XML_ERROR_NONE:
526,2104.0,3682,2313,0.000000000000,0,0,1,4,False,return NULL;
526,2104.0,3682,2314,0.000000000000,0,0,1,4,False,case XML_ERROR_NO_MEMORY:
526,2104.0,3682,2315,0.000000000000,0,0,1,4,False,"return XML_L(""out of memory"");"
526,2104.0,3682,2316,0.000000000000,0,0,1,4,False,case XML_ERROR_SYNTAX:
526,2104.0,3682,2317,0.000000000000,0,0,1,4,False,"return XML_L(""syntax error"");"
526,2104.0,3682,2320,0.000000000000,0,0,1,4,False,case XML_ERROR_INVALID_TOKEN:
526,2104.0,3682,2321,0.000000000000,0,0,1,4,False,"return XML_L(""not well-formed (invalid token)"");"
526,2104.0,3682,2322,0.000000000000,0,0,1,4,False,case XML_ERROR_UNCLOSED_TOKEN:
526,2104.0,3682,2323,0.000000000000,0,0,1,4,False,"return XML_L(""unclosed token"");"
526,2104.0,3682,2324,0.000000000000,0,0,1,4,False,case XML_ERROR_PARTIAL_CHAR:
526,2104.0,3682,2325,0.000000000000,0,0,1,4,False,"return XML_L(""partial character"");"
526,2104.0,3682,2326,0.000000000000,0,0,1,4,False,case XML_ERROR_TAG_MISMATCH:
526,2104.0,3682,2327,0.000000000000,0,0,1,4,False,"return XML_L(""mismatched tag"");"
526,2104.0,3682,2328,0.000000000000,0,0,1,4,False,case XML_ERROR_DUPLICATE_ATTRIBUTE:
526,2104.0,3682,2329,0.000000000000,0,0,1,4,False,"return XML_L(""duplicate attribute"");"
526,2104.0,3682,2330,0.000000000000,0,0,1,4,False,case XML_ERROR_JUNK_AFTER_DOC_ELEMENT:
526,2104.0,3682,2331,0.000000000000,0,0,1,4,False,"return XML_L(""junk after document element"");"
526,2104.0,3682,2332,0.000000000000,0,0,1,4,False,case XML_ERROR_PARAM_ENTITY_REF:
526,2104.0,3682,2333,0.000000000000,0,0,1,4,False,"return XML_L(""illegal parameter entity reference"");"
526,2104.0,3682,2334,0.000000000000,0,0,1,4,False,case XML_ERROR_UNDEFINED_ENTITY:
526,2104.0,3682,2335,0.000000000000,0,0,1,4,False,"return XML_L(""undefined entity"");"
526,2104.0,3682,2336,0.000000000000,0,0,1,4,False,case XML_ERROR_RECURSIVE_ENTITY_REF:
526,2104.0,3682,2337,0.000000000000,0,0,1,4,False,"return XML_L(""recursive entity reference"");"
526,2104.0,3682,2338,0.000000000000,0,0,1,4,False,case XML_ERROR_ASYNC_ENTITY:
526,2104.0,3682,2339,0.000000000000,0,0,1,4,False,"return XML_L(""asynchronous entity"");"
526,2104.0,3682,2340,0.000000000000,0,0,1,4,False,case XML_ERROR_BAD_CHAR_REF:
526,2104.0,3682,2341,0.000000000000,0,0,1,4,False,"return XML_L(""reference to invalid character number"");"
526,2104.0,3682,2342,0.000000000000,0,0,1,4,False,case XML_ERROR_BINARY_ENTITY_REF:
526,2104.0,3682,2343,0.000000000000,0,0,1,4,False,"return XML_L(""reference to binary entity"");"
526,2104.0,3682,2344,0.000000000000,0,0,1,4,False,case XML_ERROR_ATTRIBUTE_EXTERNAL_ENTITY_REF:
526,2104.0,3682,2345,0.000000000000,0,0,1,4,False,"return XML_L(""reference to external entity in attribute"");"
526,2104.0,3682,2346,0.000000000000,0,0,1,4,False,case XML_ERROR_MISPLACED_XML_PI:
526,2104.0,3682,2347,0.000000000000,0,0,1,4,False,"return XML_L(""XML or text declaration not at start of entity"");"
526,2104.0,3682,2348,0.000000000000,0,0,1,4,False,case XML_ERROR_UNKNOWN_ENCODING:
526,2104.0,3682,2349,0.000000000000,0,0,1,4,False,"return XML_L(""unknown encoding"");"
526,2104.0,3682,2350,0.000000000000,0,0,1,4,False,case XML_ERROR_INCORRECT_ENCODING:
526,2104.0,3682,2351,0.000000000000,0,0,1,4,False,"return XML_L(""encoding specified in XML declaration is incorrect"");"
526,2104.0,3682,2352,0.000000000000,0,0,1,4,False,case XML_ERROR_UNCLOSED_CDATA_SECTION:
526,2104.0,3682,2353,0.000000000000,0,0,1,4,False,"return XML_L(""unclosed CDATA section"");"
526,2104.0,3682,2354,0.000000000000,0,0,1,4,False,case XML_ERROR_EXTERNAL_ENTITY_HANDLING:
526,2104.0,3682,2355,0.000000000000,0,0,1,4,False,"return XML_L(""error in processing external entity reference"");"
526,2104.0,3682,2356,0.000000000000,0,0,1,4,False,case XML_ERROR_NOT_STANDALONE:
526,2104.0,3682,2357,0.000000000000,0,0,1,4,False,"return XML_L(""document is not standalone"");"
526,2104.0,3682,2358,0.000000000000,0,0,1,4,False,case XML_ERROR_UNEXPECTED_STATE:
526,2104.0,3682,2359,0.000000000000,0,0,1,4,False,"return XML_L(""unexpected parser state - please send a bug report"");"
526,2104.0,3682,2360,0.000000000000,0,0,1,4,False,case XML_ERROR_ENTITY_DECLARED_IN_PE:
526,2104.0,3682,2361,0.000000000000,0,0,1,4,False,"return XML_L(""entity declared in parameter entity"");"
526,2104.0,3682,2362,0.000000000000,0,0,1,4,False,case XML_ERROR_FEATURE_REQUIRES_XML_DTD:
526,2104.0,3682,2363,0.000000000000,0,0,1,4,False,"return XML_L(""requested feature requires XML_DTD support in Expat"");"
526,2104.0,3682,2364,0.000000000000,0,0,1,4,False,case XML_ERROR_CANT_CHANGE_FEATURE_ONCE_PARSING:
526,2104.0,3682,2365,0.000000000000,0,0,1,4,False,"return XML_L(""cannot change setting once parsing has begun"");"
526,2104.0,3682,2367,0.000000000000,0,0,1,4,False,case XML_ERROR_UNBOUND_PREFIX:
526,2104.0,3682,2368,0.000000000000,0,0,1,4,False,"return XML_L(""unbound prefix"");"
526,2104.0,3682,2370,0.000000000000,0,0,1,4,False,case XML_ERROR_UNDECLARING_PREFIX:
526,2104.0,3682,2371,0.000000000000,0,0,1,4,False,"return XML_L(""must not undeclare prefix"");"
526,2104.0,3682,2372,0.000000000000,0,0,1,4,False,case XML_ERROR_INCOMPLETE_PE:
526,2104.0,3682,2373,0.000000000000,0,0,1,4,False,"return XML_L(""incomplete markup in parameter entity"");"
526,2104.0,3682,2374,0.000000000000,0,0,1,4,False,case XML_ERROR_XML_DECL:
526,2104.0,3682,2375,0.000000000000,0,0,1,4,False,"return XML_L(""XML declaration not well-formed"");"
526,2104.0,3682,2376,0.000000000000,0,0,1,4,False,case XML_ERROR_TEXT_DECL:
526,2104.0,3682,2377,0.000000000000,0,0,1,4,False,"return XML_L(""text declaration not well-formed"");"
526,2104.0,3682,2378,0.000000000000,0,0,1,4,False,case XML_ERROR_PUBLICID:
526,2104.0,3682,2379,0.000000000000,0,0,1,4,False,"return XML_L(""illegal character(s) in public id"");"
526,2104.0,3682,2380,0.000000000000,0,0,1,4,False,case XML_ERROR_SUSPENDED:
526,2104.0,3682,2381,0.000000000000,0,0,1,4,False,"return XML_L(""parser suspended"");"
526,2104.0,3682,2382,0.000000000000,0,0,1,4,False,case XML_ERROR_NOT_SUSPENDED:
526,2104.0,3682,2383,0.000000000000,0,0,1,4,False,"return XML_L(""parser not suspended"");"
526,2104.0,3682,2384,0.000000000000,0,0,1,4,False,case XML_ERROR_ABORTED:
526,2104.0,3682,2385,0.000000000000,0,0,1,4,False,"return XML_L(""parsing aborted"");"
526,2104.0,3682,2386,0.000000000000,0,0,1,4,False,case XML_ERROR_FINISHED:
526,2104.0,3682,2387,0.000000000000,0,0,1,4,False,"return XML_L(""parsing finished"");"
526,2104.0,3682,2388,0.000000000000,0,0,1,4,False,case XML_ERROR_SUSPEND_PE:
526,2104.0,3682,2389,0.000000000000,0,0,1,4,False,"return XML_L(""cannot suspend in external parameter entity"");"
526,2104.0,3682,2391,0.000000000000,0,0,1,4,False,case XML_ERROR_RESERVED_PREFIX_XML:
526,2104.0,3682,2392,0.000000000000,0,0,1,4,False,"return XML_L(""reserved prefix (xml) must not be undeclared or bound to another namespace name"");"
526,2104.0,3682,2393,0.000000000000,0,0,1,4,False,case XML_ERROR_RESERVED_PREFIX_XMLNS:
526,2104.0,3682,2394,0.000000000000,0,0,1,4,False,"return XML_L(""reserved prefix (xmlns) must not be declared or undeclared"");"
526,2104.0,3682,2395,0.000000000000,0,0,1,4,False,case XML_ERROR_RESERVED_NAMESPACE_URI:
526,2104.0,3682,2396,0.000000000000,0,0,1,4,False,"return XML_L(""prefix must not be bound to one of the reserved namespace names"");"
526,2104.0,3682,2398,0.000000000000,0,0,1,4,False,"case XML_ERROR_INVALID_ARGUMENT:  /* Constant added in 2.2.1, already */"
526,2104.0,3682,2399,0.000000000000,0,0,1,4,False,"return XML_L(""invalid argument"");"
526,2104.0,3682,2401,0.000000000000,0,0,1,4,False,return NULL;
526,2104.0,3682,2405,0.000000000000,0,0,1,4,False,XML_ExpatVersion(void) {
526,2104.0,3682,2418,0.000000000000,0,0,1,4,False,"return V2(XML_MAJOR_VERSION, XML_MINOR_VERSION, XML_MICRO_VERSION);"
526,2104.0,3682,2425,0.000000000000,0,0,1,4,False,XML_ExpatVersionInfo(void)
526,2104.0,3682,2429,0.000000000000,0,0,1,4,False,version.major = XML_MAJOR_VERSION;
526,2104.0,3682,2430,0.000000000000,0,0,1,4,False,version.minor = XML_MINOR_VERSION;
526,2104.0,3682,2431,0.000000000000,0,0,1,4,False,version.micro = XML_MICRO_VERSION;
526,2104.0,3682,2433,0.000000000000,0,0,1,4,False,return version;
526,2104.0,3682,2437,0.000000000000,0,0,1,4,False,XML_GetFeatureList(void)
526,2104.0,3682,2472,0.000000000000,0,0,1,4,False,return features;
526,2104.0,3682,2486,0.000000000000,0,0,1,4,False,int nameLen = sizeof(XML_Char) * (tag->name.strLen + 1);
526,2104.0,3682,2487,0.000000000000,0,0,1,4,False,char *rawNameBuf = tag->buf + nameLen;
526,2104.0,3682,2493,0.000000000000,0,0,1,4,False,if (tag->rawName == rawNameBuf)
526,2104.0,3682,2494,0.000000000000,0,0,1,4,False,break;
526,2104.0,3682,2498,0.000000000000,0,0,1,4,False,"bufSize = nameLen + ROUND_UP(tag->rawNameLength, sizeof(XML_Char));"
526,2104.0,3682,2499,0.000000000000,0,0,1,4,False,if (bufSize > tag->bufEnd - tag->buf) {
526,2104.0,3682,2500,0.000000000000,0,0,1,4,False,"char *temp = (char *)REALLOC(parser, tag->buf, bufSize);"
526,2104.0,3682,2501,0.000000000000,0,0,1,4,False,if (temp == NULL)
526,2104.0,3682,2502,0.000000000000,0,0,1,4,False,return XML_FALSE;
526,2104.0,3682,2506,0.000000000000,0,0,1,4,False,if (tag->name.str == (XML_Char *)tag->buf)
526,2104.0,3682,2507,0.000000000000,0,0,1,4,False,tag->name.str = (XML_Char *)temp;
526,2104.0,3682,2511,0.000000000000,0,0,1,4,False,if (tag->name.localPart)
526,2104.0,3682,2512,0.000000000000,0,0,1,4,False,tag->name.localPart = (XML_Char *)temp + (tag->name.localPart -
526,2104.0,3682,2513,0.000000000000,0,0,1,4,False,(XML_Char *)tag->buf);
526,2104.0,3682,2514,0.000000000000,0,0,1,4,False,tag->buf = temp;
526,2104.0,3682,2515,0.000000000000,0,0,1,4,False,tag->bufEnd = temp + bufSize;
526,2104.0,3682,2516,0.000000000000,0,0,1,4,False,rawNameBuf = temp + nameLen;
526,2104.0,3682,2518,0.000000000000,0,0,1,4,False,"memcpy(rawNameBuf, tag->rawName, tag->rawNameLength);"
526,2104.0,3682,2519,0.000000000000,0,0,1,4,False,tag->rawName = rawNameBuf;
526,2104.0,3682,2520,0.000000000000,0,0,1,4,False,tag = tag->parent;
526,2104.0,3682,2535,0.000000000000,0,0,1,4,False,return XML_ERROR_NO_MEMORY;
526,2104.0,3682,2541,0.000000000000,0,0,1,4,False,"externalEntityInitProcessor(XML_Parser parser,"
526,2104.0,3682,2546,0.000000000000,0,0,1,4,False,enum XML_Error result = initializeEncoding(parser);
526,2104.0,3682,2547,0.000000000000,0,0,1,4,False,if (result != XML_ERROR_NONE)
526,2104.0,3682,2548,0.000000000000,0,0,1,4,False,return result;
526,2104.0,3682,2549,0.000000000000,0,0,1,4,False,parser->m_processor = externalEntityInitProcessor2;
526,2104.0,3682,2550,0.000000000000,0,0,1,4,False,"return externalEntityInitProcessor2(parser, start, end, endPtr);"
526,2104.0,3682,2554,0.000000000000,0,0,1,4,False,"externalEntityInitProcessor2(XML_Parser parser,"
526,2104.0,3682,2559,0.000000000000,0,0,1,4,False,const char *next = start; /* XmlContentTok doesn't always set the last arg */
526,2104.0,3682,2560,0.000000000000,0,0,1,4,False,"int tok = XmlContentTok(parser->m_encoding, start, end, &next);"
526,2104.0,3682,2561,0.000000000000,0,0,1,4,False,switch (tok) {
526,2104.0,3682,2562,0.000000000000,0,0,1,4,False,case XML_TOK_BOM:
526,2104.0,3682,2568,0.000000000000,0,0,1,4,False,if (next == end && !parser->m_parsingStatus.finalBuffer) {
526,2104.0,3682,2569,0.000000000000,0,0,1,4,False,*endPtr = next;
526,2104.0,3682,2570,0.000000000000,0,0,1,4,False,return XML_ERROR_NONE;
526,2104.0,3682,2572,0.000000000000,0,0,1,4,False,start = next;
526,2104.0,3682,2573,0.000000000000,0,0,1,4,False,break;
526,2104.0,3682,2574,0.000000000000,0,0,1,4,False,case XML_TOK_PARTIAL:
526,2104.0,3682,2575,0.000000000000,0,0,1,4,False,if (!parser->m_parsingStatus.finalBuffer) {
526,2104.0,3682,2576,0.000000000000,0,0,1,4,False,*endPtr = start;
526,2104.0,3682,2577,0.000000000000,0,0,1,4,False,return XML_ERROR_NONE;
526,2104.0,3682,2579,0.000000000000,0,0,1,4,False,parser->m_eventPtr = start;
526,2104.0,3682,2580,0.000000000000,0,0,1,4,False,return XML_ERROR_UNCLOSED_TOKEN;
526,2104.0,3682,2581,0.000000000000,0,0,1,4,False,case XML_TOK_PARTIAL_CHAR:
526,2104.0,3682,2582,0.000000000000,0,0,1,4,False,if (!parser->m_parsingStatus.finalBuffer) {
526,2104.0,3682,2583,0.000000000000,0,0,1,4,False,*endPtr = start;
526,2104.0,3682,2584,0.000000000000,0,0,1,4,False,return XML_ERROR_NONE;
526,2104.0,3682,2586,0.000000000000,0,0,1,4,False,parser->m_eventPtr = start;
526,2104.0,3682,2587,0.000000000000,0,0,1,4,False,return XML_ERROR_PARTIAL_CHAR;
526,2104.0,3682,2589,0.000000000000,0,0,1,4,False,parser->m_processor = externalEntityInitProcessor3;
526,2104.0,3682,2590,0.000000000000,0,0,1,4,False,"return externalEntityInitProcessor3(parser, start, end, endPtr);"
526,2104.0,3682,2594,0.000000000000,0,0,1,4,False,"externalEntityInitProcessor3(XML_Parser parser,"
526,2104.0,3682,2600,0.000000000000,0,0,1,4,False,const char *next = start; /* XmlContentTok doesn't always set the last arg */
526,2104.0,3682,2601,0.000000000000,0,0,1,4,False,parser->m_eventPtr = start;
526,2104.0,3682,2602,0.000000000000,0,0,1,4,False,"tok = XmlContentTok(parser->m_encoding, start, end, &next);"
526,2104.0,3682,2603,0.000000000000,0,0,1,4,False,parser->m_eventEndPtr = next;
526,2104.0,3682,2605,0.000000000000,0,0,1,4,False,switch (tok) {
526,2104.0,3682,2606,0.000000000000,0,0,1,4,False,case XML_TOK_XML_DECL:
526,2104.0,3682,2609,0.000000000000,0,0,1,4,False,"result = processXmlDecl(parser, 1, start, next);"
526,2104.0,3682,2610,0.000000000000,0,0,1,4,False,if (result != XML_ERROR_NONE)
526,2104.0,3682,2611,0.000000000000,0,0,1,4,False,return result;
526,2104.0,3682,2612,0.000000000000,0,0,1,4,False,switch (parser->m_parsingStatus.parsing) {
526,2104.0,3682,2613,0.000000000000,0,0,1,4,False,case XML_SUSPENDED:
526,2104.0,3682,2614,0.000000000000,0,0,1,4,False,*endPtr = next;
526,2104.0,3682,2615,0.000000000000,0,0,1,4,False,return XML_ERROR_NONE;
526,2104.0,3682,2616,0.000000000000,0,0,1,4,False,case XML_FINISHED:
526,2104.0,3682,2617,0.000000000000,0,0,1,4,False,return XML_ERROR_ABORTED;
526,2104.0,3682,2618,0.000000000000,0,0,1,4,False,default:
526,2104.0,3682,2619,0.000000000000,0,0,1,4,False,start = next;
526,2104.0,3682,2622,0.000000000000,0,0,1,4,False,break;
526,2104.0,3682,2623,0.000000000000,0,0,1,4,False,case XML_TOK_PARTIAL:
526,2104.0,3682,2624,0.000000000000,0,0,1,4,False,if (!parser->m_parsingStatus.finalBuffer) {
526,2104.0,3682,2625,0.000000000000,0,0,1,4,False,*endPtr = start;
526,2104.0,3682,2626,0.000000000000,0,0,1,4,False,return XML_ERROR_NONE;
526,2104.0,3682,2628,0.000000000000,0,0,1,4,False,return XML_ERROR_UNCLOSED_TOKEN;
526,2104.0,3682,2629,0.000000000000,0,0,1,4,False,case XML_TOK_PARTIAL_CHAR:
526,2104.0,3682,2630,0.000000000000,0,0,1,4,False,if (!parser->m_parsingStatus.finalBuffer) {
526,2104.0,3682,2631,0.000000000000,0,0,1,4,False,*endPtr = start;
526,2104.0,3682,2632,0.000000000000,0,0,1,4,False,return XML_ERROR_NONE;
526,2104.0,3682,2634,0.000000000000,0,0,1,4,False,return XML_ERROR_PARTIAL_CHAR;
526,2104.0,3682,2636,0.000000000000,0,0,1,4,False,parser->m_processor = externalEntityContentProcessor;
526,2104.0,3682,2637,0.000000000000,0,0,1,4,False,parser->m_tagLevel = 1;
526,2104.0,3682,2638,0.000000000000,0,0,1,4,False,"return externalEntityContentProcessor(parser, start, end, endPtr);"
526,2104.0,3682,2642,0.000000000000,0,0,1,4,False,"externalEntityContentProcessor(XML_Parser parser,"
526,2104.0,3682,2647,0.000000000000,0,0,1,4,False,"enum XML_Error result = doContent(parser, 1, parser->m_encoding, start, end,"
526,2104.0,3682,2648,0.000000000000,0,0,1,4,False,"endPtr, (XML_Bool)!parser->m_parsingStatus.finalBuffer);"
526,2104.0,3682,2649,0.000000000000,0,0,1,4,False,if (result == XML_ERROR_NONE) {
526,2104.0,3682,2650,0.000000000000,0,0,1,4,False,if (!storeRawNames(parser))
526,2104.0,3682,2651,0.000000000000,0,0,1,4,False,return XML_ERROR_NO_MEMORY;
526,2104.0,3682,2653,0.000000000000,0,0,1,4,False,return result;
526,2104.0,3682,2675,0.000000000000,0,0,1,4,False,eventPP = &(parser->m_openInternalEntities->internalEventPtr);
526,2104.0,3682,2676,0.000000000000,0,0,1,4,False,eventEndPP = &(parser->m_openInternalEntities->internalEventEndPtr);
526,2104.0,3682,2680,0.000000000000,0,0,1,4,False,for (;;) {
526,2104.0,3682,2685,0.000000000000,0,0,1,4,False,case XML_TOK_TRAILING_CR:
526,2104.0,3682,2686,0.000000000000,0,0,1,4,False,if (haveMore) {
526,2104.0,3682,2687,0.000000000000,0,0,1,4,False,*nextPtr = s;
526,2104.0,3682,2690,0.000000000000,0,0,1,4,False,*eventEndPP = end;
526,2104.0,3682,2691,0.000000000000,0,0,1,4,False,if (parser->m_characterDataHandler) {
526,2104.0,3682,2692,0.000000000000,0,0,1,4,False,XML_Char c = 0xA;
526,2104.0,3682,2693,0.000000000000,0,0,1,4,False,"parser->m_characterDataHandler(parser->m_handlerArg, &c, 1);"
526,2104.0,3682,2695,0.000000000000,0,0,1,4,False,else if (parser->m_defaultHandler)
526,2104.0,3682,2696,0.000000000000,0,0,1,4,False,"reportDefault(parser, enc, s, end);"
526,2104.0,3682,2700,0.000000000000,0,0,1,4,False,if (startTagLevel == 0)
526,2104.0,3682,2701,0.000000000000,0,0,1,4,False,return XML_ERROR_NO_ELEMENTS;
526,2104.0,3682,2702,0.000000000000,0,0,1,4,False,if (parser->m_tagLevel != startTagLevel)
526,2104.0,3682,2703,0.000000000000,0,0,1,4,False,return XML_ERROR_ASYNC_ENTITY;
526,2104.0,3682,2704,0.000000000000,0,0,1,4,False,*nextPtr = end;
526,2104.0,3682,2705,0.000000000000,0,0,1,4,False,return XML_ERROR_NONE;
526,2104.0,3682,2708,0.000000000000,0,0,1,4,False,*nextPtr = s;
526,2104.0,3682,2709,0.000000000000,0,0,1,4,False,return XML_ERROR_NONE;
526,2104.0,3682,2712,0.000000000000,0,0,1,4,False,if (parser->m_tagLevel != startTagLevel)
526,2104.0,3682,2713,0.000000000000,0,0,1,4,False,return XML_ERROR_ASYNC_ENTITY;
526,2104.0,3682,2714,0.000000000000,0,0,1,4,False,*nextPtr = s;
526,2104.0,3682,2715,0.000000000000,0,0,1,4,False,return XML_ERROR_NONE;
526,2104.0,3682,2718,0.000000000000,0,0,1,4,False,case XML_TOK_INVALID:
526,2104.0,3682,2719,0.000000000000,0,0,1,4,False,*eventPP = next;
526,2104.0,3682,2720,0.000000000000,0,0,1,4,False,return XML_ERROR_INVALID_TOKEN;
526,2104.0,3682,2721,0.000000000000,0,0,1,4,False,case XML_TOK_PARTIAL:
526,2104.0,3682,2722,0.000000000000,0,0,1,4,False,if (haveMore) {
526,2104.0,3682,2723,0.000000000000,0,0,1,4,False,*nextPtr = s;
526,2104.0,3682,2724,0.000000000000,0,0,1,4,False,return XML_ERROR_NONE;
526,2104.0,3682,2726,0.000000000000,0,0,1,4,False,return XML_ERROR_UNCLOSED_TOKEN;
526,2104.0,3682,2727,0.000000000000,0,0,1,4,False,case XML_TOK_PARTIAL_CHAR:
526,2104.0,3682,2728,0.000000000000,0,0,1,4,False,if (haveMore) {
526,2104.0,3682,2729,0.000000000000,0,0,1,4,False,*nextPtr = s;
526,2104.0,3682,2730,0.000000000000,0,0,1,4,False,return XML_ERROR_NONE;
526,2104.0,3682,2732,0.000000000000,0,0,1,4,False,return XML_ERROR_PARTIAL_CHAR;
526,2104.0,3682,2733,0.000000000000,0,0,1,4,False,case XML_TOK_ENTITY_REF:
526,2104.0,3682,2737,0.000000000000,0,0,1,4,False,"XML_Char ch = (XML_Char) XmlPredefinedEntityName(enc,"
526,2104.0,3682,2740,0.000000000000,0,0,1,4,False,if (ch) {
526,2104.0,3682,2741,0.000000000000,0,0,1,4,False,if (parser->m_characterDataHandler)
526,2104.0,3682,2742,0.000000000000,0,0,1,4,False,"parser->m_characterDataHandler(parser->m_handlerArg, &ch, 1);"
526,2104.0,3682,2743,0.000000000000,0,0,1,4,False,else if (parser->m_defaultHandler)
526,2104.0,3682,2744,0.000000000000,0,0,1,4,False,"reportDefault(parser, enc, s, next);"
526,2104.0,3682,2745,0.000000000000,0,0,1,4,False,break;
526,2104.0,3682,2747,0.000000000000,0,0,1,4,False,"name = poolStoreString(&dtd->pool, enc,"
526,2104.0,3682,2748,0.000000000000,0,0,1,4,False,"s + enc->minBytesPerChar,"
526,2104.0,3682,2749,0.000000000000,0,0,1,4,False,next - enc->minBytesPerChar);
526,2104.0,3682,2750,0.000000000000,0,0,1,4,False,if (!name)
526,2104.0,3682,2751,0.000000000000,0,0,1,4,False,return XML_ERROR_NO_MEMORY;
526,2104.0,3682,2752,0.000000000000,0,0,1,4,False,"entity = (ENTITY *)lookup(parser, &dtd->generalEntities, name, 0);"
526,2104.0,3682,2753,0.000000000000,0,0,1,4,False,poolDiscard(&dtd->pool);
526,2104.0,3682,2758,0.000000000000,0,0,1,4,False,if (!dtd->hasParamEntityRefs || dtd->standalone) {
526,2104.0,3682,2759,0.000000000000,0,0,1,4,False,if (!entity)
526,2104.0,3682,2760,0.000000000000,0,0,1,4,False,return XML_ERROR_UNDEFINED_ENTITY;
526,2104.0,3682,2761,0.000000000000,0,0,1,4,False,else if (!entity->is_internal)
526,2104.0,3682,2762,0.000000000000,0,0,1,4,False,return XML_ERROR_ENTITY_DECLARED_IN_PE;
526,2104.0,3682,2764,0.000000000000,0,0,1,4,False,else if (!entity) {
526,2104.0,3682,2765,0.000000000000,0,0,1,4,False,if (parser->m_skippedEntityHandler)
526,2104.0,3682,2766,0.000000000000,0,0,1,4,False,"parser->m_skippedEntityHandler(parser->m_handlerArg, name, 0);"
526,2104.0,3682,2767,0.000000000000,0,0,1,4,False,else if (parser->m_defaultHandler)
526,2104.0,3682,2768,0.000000000000,0,0,1,4,False,"reportDefault(parser, enc, s, next);"
526,2104.0,3682,2769,0.000000000000,0,0,1,4,False,break;
526,2104.0,3682,2771,0.000000000000,0,0,1,4,False,if (entity->open)
526,2104.0,3682,2772,0.000000000000,0,0,1,4,False,return XML_ERROR_RECURSIVE_ENTITY_REF;
526,2104.0,3682,2773,0.000000000000,0,0,1,4,False,if (entity->notation)
526,2104.0,3682,2774,0.000000000000,0,0,1,4,False,return XML_ERROR_BINARY_ENTITY_REF;
526,2104.0,3682,2775,0.000000000000,0,0,1,4,False,if (entity->textPtr) {
526,2104.0,3682,2777,0.000000000000,0,0,1,4,False,if (!parser->m_defaultExpandInternalEntities) {
526,2104.0,3682,2778,0.000000000000,0,0,1,4,False,if (parser->m_skippedEntityHandler)
526,2104.0,3682,2779,0.000000000000,0,0,1,4,False,"parser->m_skippedEntityHandler(parser->m_handlerArg, entity->name, 0);"
526,2104.0,3682,2780,0.000000000000,0,0,1,4,False,else if (parser->m_defaultHandler)
526,2104.0,3682,2781,0.000000000000,0,0,1,4,False,"reportDefault(parser, enc, s, next);"
526,2104.0,3682,2782,0.000000000000,0,0,1,4,False,break;
526,2104.0,3682,2784,0.000000000000,0,0,1,4,False,"result = processInternalEntity(parser, entity, XML_FALSE);"
526,2104.0,3682,2785,0.000000000000,0,0,1,4,False,if (result != XML_ERROR_NONE)
526,2104.0,3682,2786,0.000000000000,0,0,1,4,False,return result;
526,2104.0,3682,2788,0.000000000000,0,0,1,4,False,else if (parser->m_externalEntityRefHandler) {
526,2104.0,3682,2790,0.000000000000,0,0,1,4,False,entity->open = XML_TRUE;
526,2104.0,3682,2791,0.000000000000,0,0,1,4,False,context = getContext(parser);
526,2104.0,3682,2792,0.000000000000,0,0,1,4,False,entity->open = XML_FALSE;
526,2104.0,3682,2793,0.000000000000,0,0,1,4,False,if (!context)
526,2104.0,3682,2794,0.000000000000,0,0,1,4,False,return XML_ERROR_NO_MEMORY;
526,2104.0,3682,2795,0.000000000000,0,0,1,4,False,"if (!parser->m_externalEntityRefHandler(parser->m_externalEntityRefHandlerArg,"
526,2104.0,3682,2800,0.000000000000,0,0,1,4,False,return XML_ERROR_EXTERNAL_ENTITY_HANDLING;
526,2104.0,3682,2801,0.000000000000,0,0,1,4,False,poolDiscard(&parser->m_tempPool);
526,2104.0,3682,2803,0.000000000000,0,0,1,4,False,else if (parser->m_defaultHandler)
526,2104.0,3682,2804,0.000000000000,0,0,1,4,False,"reportDefault(parser, enc, s, next);"
526,2104.0,3682,2805,0.000000000000,0,0,1,4,False,break;
526,2104.0,3682,2807,0.000000000000,0,0,1,4,False,case XML_TOK_START_TAG_NO_ATTS:
526,2104.0,3682,2814,0.000000000000,0,0,1,4,False,if (parser->m_freeTagList) {
526,2104.0,3682,2815,0.000000000000,0,0,1,4,False,tag = parser->m_freeTagList;
526,2104.0,3682,2816,0.000000000000,0,0,1,4,False,parser->m_freeTagList = parser->m_freeTagList->parent;
526,2104.0,3682,2819,0.000000000000,0,0,1,4,False,"tag = (TAG *)MALLOC(parser, sizeof(TAG));"
526,2104.0,3682,2820,0.000000000000,0,0,1,4,False,if (!tag)
526,2104.0,3682,2821,0.000000000000,0,0,1,4,False,return XML_ERROR_NO_MEMORY;
526,2104.0,3682,2822,0.000000000000,0,0,1,4,False,"tag->buf = (char *)MALLOC(parser, INIT_TAG_BUF_SIZE);"
526,2104.0,3682,2823,0.000000000000,0,0,1,4,False,if (!tag->buf) {
526,2104.0,3682,2824,0.000000000000,0,0,1,4,False,"FREE(parser, tag);"
526,2104.0,3682,2825,0.000000000000,0,0,1,4,False,return XML_ERROR_NO_MEMORY;
526,2104.0,3682,2827,0.000000000000,0,0,1,4,False,tag->bufEnd = tag->buf + INIT_TAG_BUF_SIZE;
526,2104.0,3682,2829,0.000000000000,0,0,1,4,False,tag->bindings = NULL;
526,2104.0,3682,2830,0.000000000000,0,0,1,4,False,tag->parent = parser->m_tagStack;
526,2104.0,3682,2831,0.000000000000,0,0,1,4,False,parser->m_tagStack = tag;
526,2104.0,3682,2832,0.000000000000,0,0,1,4,False,tag->name.localPart = NULL;
526,2104.0,3682,2833,0.000000000000,0,0,1,4,False,tag->name.prefix = NULL;
526,2104.0,3682,2834,0.000000000000,0,0,1,4,False,tag->rawName = s + enc->minBytesPerChar;
526,2104.0,3682,2835,0.000000000000,0,0,1,4,False,"tag->rawNameLength = XmlNameLength(enc, tag->rawName);"
526,2104.0,3682,2836,0.000000000000,0,0,1,4,False,++parser->m_tagLevel;
526,2104.0,3682,2838,0.000000000000,0,0,1,4,False,const char *rawNameEnd = tag->rawName + tag->rawNameLength;
526,2104.0,3682,2839,0.000000000000,0,0,1,4,False,const char *fromPtr = tag->rawName;
526,2104.0,3682,2840,0.000000000000,0,0,1,4,False,toPtr = (XML_Char *)tag->buf;
526,2104.0,3682,2841,0.000000000000,0,0,1,4,False,for (;;) {
526,2104.0,3682,2844,0.000000000000,0,0,1,4,False,"const enum XML_Convert_Result convert_res = XmlConvert(enc,"
526,2104.0,3682,2847,0.000000000000,0,0,1,4,False,convLen = (int)(toPtr - (XML_Char *)tag->buf);
526,2104.0,3682,2848,0.000000000000,0,0,1,4,False,if ((fromPtr >= rawNameEnd) || (convert_res == XML_CONVERT_INPUT_INCOMPLETE)) {
526,2104.0,3682,2849,0.000000000000,0,0,1,4,False,tag->name.strLen = convLen;
526,2104.0,3682,2850,0.000000000000,0,0,1,4,False,break;
526,2104.0,3682,2852,0.000000000000,0,0,1,4,False,bufSize = (int)(tag->bufEnd - tag->buf) << 1;
526,2104.0,3682,2854,0.000000000000,0,0,1,4,False,"char *temp = (char *)REALLOC(parser, tag->buf, bufSize);"
526,2104.0,3682,2855,0.000000000000,0,0,1,4,False,if (temp == NULL)
526,2104.0,3682,2856,0.000000000000,0,0,1,4,False,return XML_ERROR_NO_MEMORY;
526,2104.0,3682,2857,0.000000000000,0,0,1,4,False,tag->buf = temp;
526,2104.0,3682,2858,0.000000000000,0,0,1,4,False,tag->bufEnd = temp + bufSize;
526,2104.0,3682,2859,0.000000000000,0,0,1,4,False,toPtr = (XML_Char *)temp + convLen;
526,2104.0,3682,2863,0.000000000000,0,0,1,4,False,tag->name.str = (XML_Char *)tag->buf;
526,2104.0,3682,2864,0.000000000000,0,0,1,4,False,*toPtr = XML_T('\0');
526,2104.0,3682,2865,0.000000000000,0,0,1,4,False,"result = storeAtts(parser, enc, s, &(tag->name), &(tag->bindings));"
526,2104.0,3682,2866,0.000000000000,0,0,1,4,False,if (result)
526,2104.0,3682,2867,0.000000000000,0,0,1,4,False,return result;
526,2104.0,3682,2868,0.000000000000,0,0,1,4,False,if (parser->m_startElementHandler)
526,2104.0,3682,2869,0.000000000000,0,0,1,4,False,"parser->m_startElementHandler(parser->m_handlerArg, tag->name.str,"
526,2104.0,3682,2870,0.000000000000,0,0,1,4,False,(const XML_Char **)parser->m_atts);
526,2104.0,3682,2871,0.000000000000,0,0,1,4,False,else if (parser->m_defaultHandler)
526,2104.0,3682,2872,0.000000000000,0,0,1,4,False,"reportDefault(parser, enc, s, next);"
526,2104.0,3682,2873,0.000000000000,0,0,1,4,False,poolClear(&parser->m_tempPool);
526,2104.0,3682,2874,0.000000000000,0,0,1,4,False,break;
526,2104.0,3682,2888,0.000000000000,0,0,1,4,False,return XML_ERROR_NO_MEMORY;
526,2104.0,3682,2892,0.000000000000,0,0,1,4,False,"freeBindings(parser, bindings);"
526,2104.0,3682,2893,0.000000000000,0,0,1,4,False,return result;
526,2104.0,3682,2897,0.000000000000,0,0,1,4,False,"parser->m_startElementHandler(parser->m_handlerArg, name.str, (const XML_Char **)parser->m_atts);"
526,2104.0,3682,2898,0.000000000000,0,0,1,4,False,noElmHandlers = XML_FALSE;
526,2104.0,3682,2902,0.000000000000,0,0,1,4,False,*eventPP = *eventEndPP;
526,2104.0,3682,2907,0.000000000000,0,0,1,4,False,"reportDefault(parser, enc, s, next);"
526,2104.0,3682,2913,0.000000000000,0,4,1,0,False,"return epilogProcessor(parser, next, end, nextPtr);"
526,2104.0,3682,2916,0.000000000000,0,0,1,4,False,case XML_TOK_END_TAG:
526,2104.0,3682,2917,0.000000000000,0,0,1,4,False,if (parser->m_tagLevel == startTagLevel)
526,2104.0,3682,2918,0.000000000000,0,0,1,4,False,return XML_ERROR_ASYNC_ENTITY;
526,2104.0,3682,2922,0.000000000000,0,0,1,4,False,TAG *tag = parser->m_tagStack;
526,2104.0,3682,2923,0.000000000000,0,0,1,4,False,parser->m_tagStack = tag->parent;
526,2104.0,3682,2924,0.000000000000,0,0,1,4,False,tag->parent = parser->m_freeTagList;
526,2104.0,3682,2925,0.000000000000,0,0,1,4,False,parser->m_freeTagList = tag;
526,2104.0,3682,2926,0.000000000000,0,0,1,4,False,rawName = s + enc->minBytesPerChar*2;
526,2104.0,3682,2927,0.000000000000,0,0,1,4,False,"len = XmlNameLength(enc, rawName);"
526,2104.0,3682,2928,0.000000000000,0,0,1,4,False,if (len != tag->rawNameLength
526,2104.0,3682,2929,0.000000000000,0,0,1,4,False,"|| memcmp(tag->rawName, rawName, len) != 0) {"
526,2104.0,3682,2930,0.000000000000,0,0,1,4,False,*eventPP = rawName;
526,2104.0,3682,2931,0.000000000000,0,0,1,4,False,return XML_ERROR_TAG_MISMATCH;
526,2104.0,3682,2933,0.000000000000,0,0,1,4,False,--parser->m_tagLevel;
526,2104.0,3682,2934,0.000000000000,0,0,1,4,False,if (parser->m_endElementHandler) {
526,2104.0,3682,2938,0.000000000000,0,0,1,4,False,localPart = tag->name.localPart;
526,2104.0,3682,2939,0.000000000000,0,0,1,4,False,if (parser->m_ns && localPart) {
526,2104.0,3682,2944,0.000000000000,0,0,1,4,False,uri = (XML_Char *)tag->name.str + tag->name.uriLen;
526,2104.0,3682,2946,0.000000000000,0,0,1,4,False,while (*localPart) *uri++ = *localPart++;
526,2104.0,3682,2947,0.000000000000,0,0,1,4,False,prefix = (XML_Char *)tag->name.prefix;
526,2104.0,3682,2948,0.000000000000,0,0,1,4,False,if (parser->m_ns_triplets && prefix) {
526,2104.0,3682,2949,0.000000000000,0,0,1,4,False,*uri++ = parser->m_namespaceSeparator;
526,2104.0,3682,2950,0.000000000000,0,0,1,4,False,while (*prefix) *uri++ = *prefix++;
526,2104.0,3682,2952,0.000000000000,0,0,1,4,False,*uri = XML_T('\0');
526,2104.0,3682,2954,0.000000000000,0,0,1,4,False,"parser->m_endElementHandler(parser->m_handlerArg, tag->name.str);"
526,2104.0,3682,2956,0.000000000000,0,0,1,4,False,else if (parser->m_defaultHandler)
526,2104.0,3682,2957,0.000000000000,0,0,1,4,False,"reportDefault(parser, enc, s, next);"
526,2104.0,3682,2958,0.000000000000,0,0,1,4,False,while (tag->bindings) {
526,2104.0,3682,2959,0.000000000000,0,0,1,4,False,BINDING *b = tag->bindings;
526,2104.0,3682,2960,0.000000000000,0,0,1,4,False,if (parser->m_endNamespaceDeclHandler)
526,2104.0,3682,2961,0.000000000000,0,0,1,4,False,"parser->m_endNamespaceDeclHandler(parser->m_handlerArg, b->prefix->name);"
526,2104.0,3682,2962,0.000000000000,0,0,1,4,False,tag->bindings = tag->bindings->nextTagBinding;
526,2104.0,3682,2963,0.000000000000,0,0,1,4,False,b->nextTagBinding = parser->m_freeBindingList;
526,2104.0,3682,2964,0.000000000000,0,0,1,4,False,parser->m_freeBindingList = b;
526,2104.0,3682,2965,0.000000000000,0,0,1,4,False,b->prefix->binding = b->prevPrefixBinding;
526,2104.0,3682,2967,0.000000000000,0,0,1,4,False,if (parser->m_tagLevel == 0)
526,2104.0,3682,2968,0.000000000000,0,0,1,4,False,"return epilogProcessor(parser, next, end, nextPtr);"
526,2104.0,3682,2970,0.000000000000,0,0,1,4,False,break;
526,2104.0,3682,2971,0.000000000000,0,0,1,4,False,case XML_TOK_CHAR_REF:
526,2104.0,3682,2973,0.000000000000,0,0,1,4,False,"int n = XmlCharRefNumber(enc, s);"
526,2104.0,3682,2974,0.000000000000,0,0,1,4,False,if (n < 0)
526,2104.0,3682,2975,0.000000000000,0,0,1,4,False,return XML_ERROR_BAD_CHAR_REF;
526,2104.0,3682,2976,0.000000000000,0,0,1,4,False,if (parser->m_characterDataHandler) {
526,2104.0,3682,2978,0.000000000000,0,0,1,4,False,"parser->m_characterDataHandler(parser->m_handlerArg, buf, XmlEncode(n, (ICHAR *)buf));"
526,2104.0,3682,2980,0.000000000000,0,0,1,4,False,else if (parser->m_defaultHandler)
526,2104.0,3682,2981,0.000000000000,0,0,1,4,False,"reportDefault(parser, enc, s, next);"
526,2104.0,3682,2983,0.000000000000,0,0,1,4,False,break;
526,2104.0,3682,2984,0.000000000000,0,0,1,4,False,case XML_TOK_XML_DECL:
526,2104.0,3682,2985,0.000000000000,0,0,1,4,False,return XML_ERROR_MISPLACED_XML_PI;
526,2104.0,3682,2986,0.000000000000,0,0,1,4,False,case XML_TOK_DATA_NEWLINE:
526,2104.0,3682,2987,0.000000000000,0,0,1,4,False,if (parser->m_characterDataHandler) {
526,2104.0,3682,2988,0.000000000000,0,0,1,4,False,XML_Char c = 0xA;
526,2104.0,3682,2989,0.000000000000,0,0,1,4,False,"parser->m_characterDataHandler(parser->m_handlerArg, &c, 1);"
526,2104.0,3682,2991,0.000000000000,0,0,1,4,False,else if (parser->m_defaultHandler)
526,2104.0,3682,2992,0.000000000000,0,0,1,4,False,"reportDefault(parser, enc, s, next);"
526,2104.0,3682,2993,0.000000000000,0,0,1,4,False,break;
526,2104.0,3682,2994,0.000000000000,0,0,1,4,False,case XML_TOK_CDATA_SECT_OPEN:
526,2104.0,3682,2997,0.000000000000,0,0,1,4,False,if (parser->m_startCdataSectionHandler)
526,2104.0,3682,2998,0.000000000000,0,0,1,4,False,parser->m_startCdataSectionHandler(parser->m_handlerArg);
526,2104.0,3682,3015,0.000000000000,0,0,1,4,False,else if (parser->m_defaultHandler)
526,2104.0,3682,3016,0.000000000000,0,0,1,4,False,"reportDefault(parser, enc, s, next);"
526,2104.0,3682,3017,0.000000000000,0,0,1,4,False,"result = doCdataSection(parser, enc, &next, end, nextPtr, haveMore);"
526,2104.0,3682,3018,0.000000000000,0,0,1,4,False,if (result != XML_ERROR_NONE)
526,2104.0,3682,3019,0.000000000000,0,0,1,4,False,return result;
526,2104.0,3682,3020,0.000000000000,0,0,1,4,False,else if (!next) {
526,2104.0,3682,3021,0.000000000000,0,0,1,4,False,parser->m_processor = cdataSectionProcessor;
526,2104.0,3682,3022,0.000000000000,0,0,1,4,False,return result;
526,2104.0,3682,3025,0.000000000000,0,0,1,4,False,break;
526,2104.0,3682,3026,0.000000000000,0,0,1,4,False,case XML_TOK_TRAILING_RSQB:
526,2104.0,3682,3027,0.000000000000,0,0,1,4,False,if (haveMore) {
526,2104.0,3682,3028,0.000000000000,0,0,1,4,False,*nextPtr = s;
526,2104.0,3682,3029,0.000000000000,0,0,1,4,False,return XML_ERROR_NONE;
526,2104.0,3682,3031,0.000000000000,0,0,1,4,False,if (parser->m_characterDataHandler) {
526,2104.0,3682,3032,0.000000000000,0,0,1,4,False,"if (MUST_CONVERT(enc, s)) {"
526,2104.0,3682,3033,0.000000000000,0,0,1,4,False,ICHAR *dataPtr = (ICHAR *)parser->m_dataBuf;
526,2104.0,3682,3034,0.000000000000,0,0,1,4,False,"XmlConvert(enc, &s, end, &dataPtr, (ICHAR *)parser->m_dataBufEnd);"
526,2104.0,3682,3035,0.000000000000,0,0,1,4,False,"parser->m_characterDataHandler(parser->m_handlerArg, parser->m_dataBuf,"
526,2104.0,3682,3036,0.000000000000,0,0,1,4,False,(int)(dataPtr - (ICHAR *)parser->m_dataBuf));
526,2104.0,3682,3039,0.000000000000,0,0,1,4,False,"parser->m_characterDataHandler(parser->m_handlerArg,"
526,2104.0,3682,3041,0.000000000000,0,0,1,4,False,(int)((XML_Char *)end - (XML_Char *)s));
526,2104.0,3682,3043,0.000000000000,0,0,1,4,False,else if (parser->m_defaultHandler)
526,2104.0,3682,3044,0.000000000000,0,0,1,4,False,"reportDefault(parser, enc, s, end);"
526,2104.0,3682,3048,0.000000000000,0,0,1,4,False,if (startTagLevel == 0) {
526,2104.0,3682,3049,0.000000000000,0,0,1,4,False,*eventPP = end;
526,2104.0,3682,3050,0.000000000000,0,0,1,4,False,return XML_ERROR_NO_ELEMENTS;
526,2104.0,3682,3052,0.000000000000,0,0,1,4,False,if (parser->m_tagLevel != startTagLevel) {
526,2104.0,3682,3053,0.000000000000,0,0,1,4,False,*eventPP = end;
526,2104.0,3682,3054,0.000000000000,0,0,1,4,False,return XML_ERROR_ASYNC_ENTITY;
526,2104.0,3682,3056,0.000000000000,0,0,1,4,False,*nextPtr = end;
526,2104.0,3682,3057,0.000000000000,0,0,1,4,False,return XML_ERROR_NONE;
526,2104.0,3682,3058,0.000000000000,0,0,1,4,False,case XML_TOK_DATA_CHARS:
526,2104.0,3682,3060,0.000000000000,0,0,1,4,False,XML_CharacterDataHandler charDataHandler = parser->m_characterDataHandler;
526,2104.0,3682,3061,0.000000000000,0,0,1,4,False,if (charDataHandler) {
526,2104.0,3682,3062,0.000000000000,0,0,1,4,False,"if (MUST_CONVERT(enc, s)) {"
526,2104.0,3682,3063,0.000000000000,0,0,1,4,False,for (;;) {
526,2104.0,3682,3064,0.000000000000,0,0,1,4,False,ICHAR *dataPtr = (ICHAR *)parser->m_dataBuf;
526,2104.0,3682,3065,0.000000000000,0,0,1,4,False,"const enum XML_Convert_Result convert_res = XmlConvert(enc, &s, next, &dataPtr, (ICHAR *)parser->m_dataBufEnd);"
526,2104.0,3682,3066,0.000000000000,0,0,1,4,False,*eventEndPP = s;
526,2104.0,3682,3067,0.000000000000,0,0,1,4,False,"charDataHandler(parser->m_handlerArg, parser->m_dataBuf,"
526,2104.0,3682,3068,0.000000000000,0,0,1,4,False,(int)(dataPtr - (ICHAR *)parser->m_dataBuf));
526,2104.0,3682,3069,0.000000000000,0,0,1,4,False,if ((convert_res == XML_CONVERT_COMPLETED) || (convert_res == XML_CONVERT_INPUT_INCOMPLETE))
526,2104.0,3682,3071,0.000000000000,0,0,1,4,False,*eventPP = s;
526,2104.0,3682,3075,0.000000000000,0,0,1,4,False,"charDataHandler(parser->m_handlerArg,"
526,2104.0,3682,3077,0.000000000000,0,0,1,4,False,(int)((XML_Char *)next - (XML_Char *)s));
526,2104.0,3682,3079,0.000000000000,0,0,1,4,False,else if (parser->m_defaultHandler)
526,2104.0,3682,3080,0.000000000000,0,0,1,4,False,"reportDefault(parser, enc, s, next);"
526,2104.0,3682,3082,0.000000000000,0,0,1,4,False,break;
526,2104.0,3682,3083,0.000000000000,0,0,1,4,False,case XML_TOK_PI:
526,2104.0,3682,3084,0.000000000000,0,0,1,4,False,"if (!reportProcessingInstruction(parser, enc, s, next))"
526,2104.0,3682,3085,0.000000000000,0,0,1,4,False,return XML_ERROR_NO_MEMORY;
526,2104.0,3682,3086,0.000000000000,0,0,1,4,False,break;
526,2104.0,3682,3087,0.000000000000,0,0,1,4,False,case XML_TOK_COMMENT:
526,2104.0,3682,3088,0.000000000000,0,0,1,4,False,"if (!reportComment(parser, enc, s, next))"
526,2104.0,3682,3089,0.000000000000,0,0,1,4,False,return XML_ERROR_NO_MEMORY;
526,2104.0,3682,3090,0.000000000000,0,0,1,4,False,break;
526,2104.0,3682,3091,0.000000000000,0,0,1,4,False,default:
526,2104.0,3682,3099,0.000000000000,0,0,1,4,False,if (parser->m_defaultHandler)
526,2104.0,3682,3100,0.000000000000,0,0,1,4,False,"reportDefault(parser, enc, s, next);"
526,2104.0,3682,3101,0.000000000000,0,0,1,4,False,break;
526,2104.0,3682,3109,0.000000000000,0,0,1,4,False,case XML_FINISHED:
526,2104.0,3682,3110,0.000000000000,0,0,1,4,False,return XML_ERROR_ABORTED;
526,2104.0,3682,3111,0.000000000000,0,0,1,4,False,default: ;
526,2104.0,3682,3125,0.000000000000,0,0,1,4,False,BINDING *b = bindings;
526,2104.0,3682,3130,0.000000000000,0,0,1,4,False,if (parser->m_endNamespaceDeclHandler)
526,2104.0,3682,3131,0.000000000000,0,0,1,4,False,"parser->m_endNamespaceDeclHandler(parser->m_handlerArg, b->prefix->name);"
526,2104.0,3682,3133,0.000000000000,0,0,1,4,False,bindings = bindings->nextTagBinding;
526,2104.0,3682,3134,0.000000000000,0,0,1,4,False,b->nextTagBinding = parser->m_freeBindingList;
526,2104.0,3682,3135,0.000000000000,0,0,1,4,False,parser->m_freeBindingList = b;
526,2104.0,3682,3136,0.000000000000,0,0,1,4,False,b->prefix->binding = b->prevPrefixBinding;
526,2104.0,3682,3173,0.000000000000,0,0,1,4,False,return XML_ERROR_NO_MEMORY;
526,2104.0,3682,3177,0.000000000000,0,0,1,4,False,return XML_ERROR_NO_MEMORY;
526,2104.0,3682,3179,0.000000000000,0,0,1,4,False,return XML_ERROR_NO_MEMORY;
526,2104.0,3682,3186,0.000000000000,0,0,1,4,False,int oldAttsSize = parser->m_attsSize;
526,2104.0,3682,3191,0.000000000000,0,0,1,4,False,parser->m_attsSize = n + nDefaultAtts + INIT_ATTS_SIZE;
526,2104.0,3682,3192,0.000000000000,0,0,1,4,False,"temp = (ATTRIBUTE *)REALLOC(parser, (void *)parser->m_atts, parser->m_attsSize * sizeof(ATTRIBUTE));"
526,2104.0,3682,3193,0.000000000000,0,0,1,4,False,if (temp == NULL) {
526,2104.0,3682,3194,0.000000000000,0,0,1,4,False,parser->m_attsSize = oldAttsSize;
526,2104.0,3682,3195,0.000000000000,0,0,1,4,False,return XML_ERROR_NO_MEMORY;
526,2104.0,3682,3197,0.000000000000,0,0,1,4,False,parser->m_atts = temp;
526,2104.0,3682,3206,0.000000000000,0,0,1,4,False,if (n > oldAttsSize)
526,2104.0,3682,3207,0.000000000000,0,0,1,4,False,"XmlGetAttributes(enc, attStr, n, parser->m_atts);"
526,2104.0,3682,3212,0.000000000000,0,0,1,4,False,ATTRIBUTE *currAtt = &parser->m_atts[i];
526,2104.0,3682,3217,0.000000000000,0,0,1,4,False,"ATTRIBUTE_ID *attId = getAttributeId(parser, enc, currAtt->name,"
526,2104.0,3682,3218,0.000000000000,0,0,1,4,False,currAtt->name
526,2104.0,3682,3219,0.000000000000,0,0,1,4,False,"+ XmlNameLength(enc, currAtt->name));"
526,2104.0,3682,3220,0.000000000000,0,0,1,4,False,if (!attId)
526,2104.0,3682,3221,0.000000000000,0,0,1,4,False,return XML_ERROR_NO_MEMORY;
526,2104.0,3682,3234,0.000000000000,0,0,1,4,False,if ((attId->name)[-1]) {
526,2104.0,3682,3235,0.000000000000,0,0,1,4,False,if (enc == parser->m_encoding)
526,2104.0,3682,3236,0.000000000000,0,0,1,4,False,parser->m_eventPtr = parser->m_atts[i].name;
526,2104.0,3682,3237,0.000000000000,0,0,1,4,False,return XML_ERROR_DUPLICATE_ATTRIBUTE;
526,2104.0,3682,3239,0.000000000000,0,0,1,4,False,(attId->name)[-1] = 1;
526,2104.0,3682,3240,0.000000000000,0,0,1,4,False,appAtts[attIndex++] = attId->name;
526,2104.0,3682,3241,0.000000000000,0,0,1,4,False,if (!parser->m_atts[i].normalized) {
526,2104.0,3682,3243,0.000000000000,0,0,1,4,False,XML_Bool isCdata = XML_TRUE;
526,2104.0,3682,3246,0.000000000000,0,0,1,4,False,if (attId->maybeTokenized) {
526,2104.0,3682,3248,0.000000000000,0,0,1,4,False,for (j = 0; j < nDefaultAtts; j++) {
526,2104.0,3682,3249,0.000000000000,0,0,1,4,False,if (attId == elementType->defaultAtts[j].id) {
526,2104.0,3682,3250,0.000000000000,0,0,1,4,False,isCdata = elementType->defaultAtts[j].isCdata;
526,2104.0,3682,3251,0.000000000000,0,0,1,4,False,break;
526,2104.0,3682,3257,0.000000000000,0,0,1,4,False,"result = storeAttributeValue(parser, enc, isCdata,"
526,2104.0,3682,3258,0.000000000000,0,0,1,4,False,"parser->m_atts[i].valuePtr, parser->m_atts[i].valueEnd,"
526,2104.0,3682,3260,0.000000000000,0,0,1,4,False,if (result)
526,2104.0,3682,3261,0.000000000000,0,0,1,4,False,return result;
526,2104.0,3682,3262,0.000000000000,0,0,1,4,False,appAtts[attIndex] = poolStart(&parser->m_tempPool);
526,2104.0,3682,3263,0.000000000000,0,0,1,4,False,poolFinish(&parser->m_tempPool);
526,2104.0,3682,3267,0.000000000000,0,0,1,4,False,"appAtts[attIndex] = poolStoreString(&parser->m_tempPool, enc, parser->m_atts[i].valuePtr,"
526,2104.0,3682,3268,0.000000000000,0,0,1,4,False,parser->m_atts[i].valueEnd);
526,2104.0,3682,3269,0.000000000000,0,0,1,4,False,if (appAtts[attIndex] == 0)
526,2104.0,3682,3270,0.000000000000,0,0,1,4,False,return XML_ERROR_NO_MEMORY;
526,2104.0,3682,3271,0.000000000000,0,0,1,4,False,poolFinish(&parser->m_tempPool);
526,2104.0,3682,3274,0.000000000000,0,0,1,4,False,if (attId->prefix) {
526,2104.0,3682,3275,0.000000000000,0,0,1,4,False,if (attId->xmlns) {
526,2104.0,3682,3277,0.000000000000,0,0,1,4,False,"enum XML_Error result = addBinding(parser, attId->prefix, attId,"
526,2104.0,3682,3278,0.000000000000,0,0,1,4,False,"appAtts[attIndex], bindingsPtr);"
526,2104.0,3682,3279,0.000000000000,0,0,1,4,False,if (result)
526,2104.0,3682,3280,0.000000000000,0,0,1,4,False,return result;
526,2104.0,3682,3281,0.000000000000,0,0,1,4,False,--attIndex;
526,2104.0,3682,3285,0.000000000000,0,0,1,4,False,attIndex++;
526,2104.0,3682,3286,0.000000000000,0,0,1,4,False,nPrefixes++;
526,2104.0,3682,3287,0.000000000000,0,0,1,4,False,(attId->name)[-1] = 2;
526,2104.0,3682,3291,0.000000000000,0,0,1,4,False,attIndex++;
526,2104.0,3682,3297,0.000000000000,0,0,1,4,False,for (i = 0; i < attIndex; i += 2)
526,2104.0,3682,3298,0.000000000000,0,0,1,4,False,if (appAtts[i] == elementType->idAtt->name) {
526,2104.0,3682,3299,0.000000000000,0,0,1,4,False,parser->m_idAttIndex = i;
526,2104.0,3682,3300,0.000000000000,0,0,1,4,False,break;
526,2104.0,3682,3308,0.000000000000,0,0,1,4,False,const DEFAULT_ATTRIBUTE *da = elementType->defaultAtts + i;
526,2104.0,3682,3309,0.000000000000,0,0,1,4,False,if (!(da->id->name)[-1] && da->value) {
526,2104.0,3682,3310,0.000000000000,0,0,1,4,False,if (da->id->prefix) {
526,2104.0,3682,3311,0.000000000000,0,0,1,4,False,if (da->id->xmlns) {
526,2104.0,3682,3312,0.000000000000,0,0,1,4,False,"enum XML_Error result = addBinding(parser, da->id->prefix, da->id,"
526,2104.0,3682,3313,0.000000000000,0,0,1,4,False,"da->value, bindingsPtr);"
526,2104.0,3682,3314,0.000000000000,0,0,1,4,False,if (result)
526,2104.0,3682,3315,0.000000000000,0,0,1,4,False,return result;
526,2104.0,3682,3318,0.000000000000,0,0,1,4,False,(da->id->name)[-1] = 2;
526,2104.0,3682,3319,0.000000000000,0,0,1,4,False,nPrefixes++;
526,2104.0,3682,3320,0.000000000000,0,0,1,4,False,appAtts[attIndex++] = da->id->name;
526,2104.0,3682,3321,0.000000000000,0,0,1,4,False,appAtts[attIndex++] = da->value;
526,2104.0,3682,3325,0.000000000000,0,0,1,4,False,(da->id->name)[-1] = 1;
526,2104.0,3682,3326,0.000000000000,0,0,1,4,False,appAtts[attIndex++] = da->id->name;
526,2104.0,3682,3327,0.000000000000,0,0,1,4,False,appAtts[attIndex++] = da->value;
526,2104.0,3682,3338,0.000000000000,0,0,1,4,False,unsigned long version = parser->m_nsAttsVersion;
526,2104.0,3682,3339,0.000000000000,0,0,1,4,False,int nsAttsSize = (int)1 << parser->m_nsAttsPower;
526,2104.0,3682,3340,0.000000000000,0,0,1,4,False,unsigned char oldNsAttsPower = parser->m_nsAttsPower;
526,2104.0,3682,3342,0.000000000000,0,0,1,4,False,if ((nPrefixes << 1) >> parser->m_nsAttsPower) {  /* true for m_nsAttsPower = 0 */
526,2104.0,3682,3345,0.000000000000,0,0,1,4,False,while (nPrefixes >> parser->m_nsAttsPower++);
526,2104.0,3682,3346,0.000000000000,0,0,1,4,False,if (parser->m_nsAttsPower < 3)
526,2104.0,3682,3347,0.000000000000,0,0,1,4,False,parser->m_nsAttsPower = 3;
526,2104.0,3682,3348,0.000000000000,0,0,1,4,False,nsAttsSize = (int)1 << parser->m_nsAttsPower;
526,2104.0,3682,3349,0.000000000000,0,0,1,4,False,"temp = (NS_ATT *)REALLOC(parser, parser->m_nsAtts, nsAttsSize * sizeof(NS_ATT));"
526,2104.0,3682,3350,0.000000000000,0,0,1,4,False,if (!temp) {
526,2104.0,3682,3352,0.000000000000,0,0,1,4,False,parser->m_nsAttsPower = oldNsAttsPower;
526,2104.0,3682,3353,0.000000000000,0,0,1,4,False,return XML_ERROR_NO_MEMORY;
526,2104.0,3682,3355,0.000000000000,0,0,1,4,False,parser->m_nsAtts = temp;
526,2104.0,3682,3356,0.000000000000,0,0,1,4,False,version = 0;  /* force re-initialization of m_nsAtts hash table */
526,2104.0,3682,3359,0.000000000000,0,0,1,4,False,if (!version) {  /* initialize version flags when version wraps around */
526,2104.0,3682,3360,0.000000000000,0,0,1,4,False,version = INIT_ATTS_VERSION;
526,2104.0,3682,3361,0.000000000000,0,0,1,4,False,for (j = nsAttsSize; j != 0; )
526,2104.0,3682,3362,0.000000000000,0,0,1,4,False,parser->m_nsAtts[--j].version = version;
526,2104.0,3682,3364,0.000000000000,0,0,1,4,False,parser->m_nsAttsVersion = --version;
526,2104.0,3682,3367,0.000000000000,0,0,1,4,False,for (; i < attIndex; i += 2) {
526,2104.0,3682,3368,0.000000000000,0,0,1,4,False,const XML_Char *s = appAtts[i];
526,2104.0,3682,3369,0.000000000000,0,0,1,4,False,if (s[-1] == 2) {  /* prefixed */
526,2104.0,3682,3376,0.000000000000,0,0,1,4,False,"copy_salt_to_sipkey(parser, &sip_key);"
526,2104.0,3682,3377,0.000000000000,0,0,1,4,False,"sip24_init(&sip_state, &sip_key);"
526,2104.0,3682,3379,0.000000000000,0,0,1,4,False,((XML_Char *)s)[-1] = 0;  /* clear flag */
526,2104.0,3682,3380,0.000000000000,0,0,1,4,False,"id = (ATTRIBUTE_ID *)lookup(parser, &dtd->attributeIds, s, 0);"
526,2104.0,3682,3381,0.000000000000,0,0,1,4,False,if (!id || !id->prefix) {
526,2104.0,3682,3396,0.000000000000,0,0,1,4,False,return XML_ERROR_NO_MEMORY; /* LCOV_EXCL_LINE */
526,2104.0,3682,3398,0.000000000000,0,0,1,4,False,b = id->prefix->binding;
526,2104.0,3682,3399,0.000000000000,0,0,1,4,False,if (!b)
526,2104.0,3682,3400,0.000000000000,0,0,1,4,False,return XML_ERROR_UNBOUND_PREFIX;
526,2104.0,3682,3402,0.000000000000,0,0,1,4,False,for (j = 0; j < b->uriLen; j++) {
526,2104.0,3682,3403,0.000000000000,0,0,1,4,False,const XML_Char c = b->uri[j];
526,2104.0,3682,3404,0.000000000000,0,0,1,4,False,"if (!poolAppendChar(&parser->m_tempPool, c))"
526,2104.0,3682,3405,0.000000000000,0,0,1,4,False,return XML_ERROR_NO_MEMORY;
526,2104.0,3682,3408,0.000000000000,0,0,1,4,False,"sip24_update(&sip_state, b->uri, b->uriLen * sizeof(XML_Char));"
526,2104.0,3682,3410,0.000000000000,0,0,1,4,False,while (*s++ != XML_T(ASCII_COLON))
526,2104.0,3682,3413,0.000000000000,0,0,1,4,False,"sip24_update(&sip_state, s, keylen(s) * sizeof(XML_Char));"
526,2104.0,3682,3416,0.000000000000,0,0,1,4,False,"if (!poolAppendChar(&parser->m_tempPool, *s))"
526,2104.0,3682,3417,0.000000000000,0,0,1,4,False,return XML_ERROR_NO_MEMORY;
526,2104.0,3682,3418,0.000000000000,0,0,1,4,False,} while (*s++);
526,2104.0,3682,3420,0.000000000000,0,0,1,4,False,uriHash = (unsigned long)sip24_final(&sip_state);
526,2104.0,3682,3425,0.000000000000,0,0,1,4,False,unsigned char step = 0;
526,2104.0,3682,3426,0.000000000000,0,0,1,4,False,unsigned long mask = nsAttsSize - 1;
526,2104.0,3682,3427,0.000000000000,0,0,1,4,False,j = uriHash & mask;  /* index into hash table */
526,2104.0,3682,3428,0.000000000000,0,0,1,4,False,while (parser->m_nsAtts[j].version == version) {
526,2104.0,3682,3430,0.000000000000,0,0,1,4,False,if (uriHash == parser->m_nsAtts[j].hash) {
526,2104.0,3682,3431,0.000000000000,0,0,1,4,False,const XML_Char *s1 = poolStart(&parser->m_tempPool);
526,2104.0,3682,3432,0.000000000000,0,0,1,4,False,const XML_Char *s2 = parser->m_nsAtts[j].uriName;
526,2104.0,3682,3434,0.000000000000,0,0,1,4,False,"for (; *s1 == *s2 && *s1 != 0; s1++, s2++);"
526,2104.0,3682,3435,0.000000000000,0,0,1,4,False,if (*s1 == 0)
526,2104.0,3682,3436,0.000000000000,0,0,1,4,False,return XML_ERROR_DUPLICATE_ATTRIBUTE;
526,2104.0,3682,3438,0.000000000000,0,0,1,4,False,if (!step)
526,2104.0,3682,3439,0.000000000000,0,0,1,4,False,"step = PROBE_STEP(uriHash, mask, parser->m_nsAttsPower);"
526,2104.0,3682,3440,0.000000000000,0,0,1,4,False,j < step ? (j += nsAttsSize - step) : (j -= step);
526,2104.0,3682,3444,0.000000000000,0,0,1,4,False,if (parser->m_ns_triplets) {  /* append namespace separator and prefix */
526,2104.0,3682,3445,0.000000000000,0,0,1,4,False,parser->m_tempPool.ptr[-1] = parser->m_namespaceSeparator;
526,2104.0,3682,3446,0.000000000000,0,0,1,4,False,s = b->prefix->name;
526,2104.0,3682,3448,0.000000000000,0,0,1,4,False,"if (!poolAppendChar(&parser->m_tempPool, *s))"
526,2104.0,3682,3449,0.000000000000,0,0,1,4,False,return XML_ERROR_NO_MEMORY;
526,2104.0,3682,3450,0.000000000000,0,0,1,4,False,} while (*s++);
526,2104.0,3682,3454,0.000000000000,0,0,1,4,False,s = poolStart(&parser->m_tempPool);
526,2104.0,3682,3455,0.000000000000,0,0,1,4,False,poolFinish(&parser->m_tempPool);
526,2104.0,3682,3456,0.000000000000,0,0,1,4,False,appAtts[i] = s;
526,2104.0,3682,3459,0.000000000000,0,0,1,4,False,parser->m_nsAtts[j].version = version;
526,2104.0,3682,3460,0.000000000000,0,0,1,4,False,parser->m_nsAtts[j].hash = uriHash;
526,2104.0,3682,3461,0.000000000000,0,0,1,4,False,parser->m_nsAtts[j].uriName = s;
526,2104.0,3682,3463,0.000000000000,0,0,1,4,False,if (!--nPrefixes) {
526,2104.0,3682,3464,0.000000000000,0,0,1,4,False,i += 2;
526,2104.0,3682,3465,0.000000000000,0,0,1,4,False,break;
526,2104.0,3682,3469,0.000000000000,0,0,1,4,False,((XML_Char *)s)[-1] = 0;  /* clear flag */
526,2104.0,3682,3474,0.000000000000,0,0,1,4,False,((XML_Char *)(appAtts[i]))[-1] = 0;
526,2104.0,3682,3476,0.000000000000,0,0,1,4,False,binding->attId->name[-1] = 0;
526,2104.0,3682,3482,0.000000000000,0,0,1,4,False,if (elementType->prefix) {
526,2104.0,3682,3483,0.000000000000,0,0,1,4,False,binding = elementType->prefix->binding;
526,2104.0,3682,3484,0.000000000000,0,0,1,4,False,if (!binding)
526,2104.0,3682,3485,0.000000000000,0,0,1,4,False,return XML_ERROR_UNBOUND_PREFIX;
526,2104.0,3682,3486,0.000000000000,0,0,1,4,False,localPart = tagNamePtr->str;
526,2104.0,3682,3487,0.000000000000,0,0,1,4,False,while (*localPart++ != XML_T(ASCII_COLON))
526,2104.0,3682,3490,0.000000000000,0,0,1,4,False,else if (dtd->defaultPrefix.binding) {
526,2104.0,3682,3491,0.000000000000,0,0,1,4,False,binding = dtd->defaultPrefix.binding;
526,2104.0,3682,3492,0.000000000000,0,0,1,4,False,localPart = tagNamePtr->str;
526,2104.0,3682,3495,0.000000000000,0,0,1,4,False,return XML_ERROR_NONE;
526,2104.0,3682,3496,0.000000000000,0,0,1,4,False,prefixLen = 0;
526,2104.0,3682,3497,0.000000000000,0,0,1,4,False,if (parser->m_ns_triplets && binding->prefix->name) {
526,2104.0,3682,3498,0.000000000000,0,0,1,4,False,for (; binding->prefix->name[prefixLen++];)
526,2104.0,3682,3501,0.000000000000,0,0,1,4,False,tagNamePtr->localPart = localPart;
526,2104.0,3682,3502,0.000000000000,0,0,1,4,False,tagNamePtr->uriLen = binding->uriLen;
526,2104.0,3682,3503,0.000000000000,0,0,1,4,False,tagNamePtr->prefix = binding->prefix->name;
526,2104.0,3682,3504,0.000000000000,0,0,1,4,False,tagNamePtr->prefixLen = prefixLen;
526,2104.0,3682,3505,0.000000000000,0,0,1,4,False,for (i = 0; localPart[i++];)
526,2104.0,3682,3507,0.000000000000,0,0,1,4,False,n = i + binding->uriLen + prefixLen;
526,2104.0,3682,3508,0.000000000000,0,0,1,4,False,if (n > binding->uriAlloc) {
526,2104.0,3682,3510,0.000000000000,0,0,1,4,False,"uri = (XML_Char *)MALLOC(parser, (n + EXPAND_SPARE) * sizeof(XML_Char));"
526,2104.0,3682,3511,0.000000000000,0,0,1,4,False,if (!uri)
526,2104.0,3682,3512,0.000000000000,0,0,1,4,False,return XML_ERROR_NO_MEMORY;
526,2104.0,3682,3513,0.000000000000,0,0,1,4,False,binding->uriAlloc = n + EXPAND_SPARE;
526,2104.0,3682,3514,0.000000000000,0,0,1,4,False,"memcpy(uri, binding->uri, binding->uriLen * sizeof(XML_Char));"
526,2104.0,3682,3515,0.000000000000,0,0,1,4,False,for (p = parser->m_tagStack; p; p = p->parent)
526,2104.0,3682,3516,0.000000000000,0,0,1,4,False,if (p->name.str == binding->uri)
526,2104.0,3682,3517,0.000000000000,0,0,1,4,False,p->name.str = uri;
526,2104.0,3682,3518,0.000000000000,0,0,1,4,False,"FREE(parser, binding->uri);"
526,2104.0,3682,3519,0.000000000000,0,0,1,4,False,binding->uri = uri;
526,2104.0,3682,3522,0.000000000000,0,0,1,4,False,uri = binding->uri + binding->uriLen;
526,2104.0,3682,3523,0.000000000000,0,0,1,4,False,"memcpy(uri, localPart, i * sizeof(XML_Char));"
526,2104.0,3682,3525,0.000000000000,0,0,1,4,False,if (prefixLen) {
526,2104.0,3682,3526,0.000000000000,0,0,1,4,False,uri += i - 1;
526,2104.0,3682,3527,0.000000000000,0,0,1,4,False,*uri = parser->m_namespaceSeparator;  /* replace null terminator */
526,2104.0,3682,3528,0.000000000000,0,0,1,4,False,"memcpy(uri + 1, binding->prefix->name, prefixLen * sizeof(XML_Char));"
526,2104.0,3682,3530,0.000000000000,0,0,1,4,False,tagNamePtr->str = binding->uri;
526,2104.0,3682,3531,0.000000000000,0,0,1,4,False,return XML_ERROR_NONE;
526,2104.0,3682,3538,0.000000000000,0,0,1,4,False,"addBinding(XML_Parser parser, PREFIX *prefix, const ATTRIBUTE_ID *attId,"
526,2104.0,3682,3561,0.000000000000,0,0,1,4,False,XML_Bool mustBeXML = XML_FALSE;
526,2104.0,3682,3562,0.000000000000,0,0,1,4,False,XML_Bool isXML = XML_TRUE;
526,2104.0,3682,3563,0.000000000000,0,0,1,4,False,XML_Bool isXMLNS = XML_TRUE;
526,2104.0,3682,3569,0.000000000000,0,0,1,4,False,if (*uri == XML_T('\0') && prefix->name)
526,2104.0,3682,3570,0.000000000000,0,0,1,4,False,return XML_ERROR_UNDECLARING_PREFIX;
526,2104.0,3682,3572,0.000000000000,0,0,1,4,False,if (prefix->name
526,2104.0,3682,3573,0.000000000000,0,0,1,4,False,&& prefix->name[0] == XML_T(ASCII_x)
526,2104.0,3682,3574,0.000000000000,0,0,1,4,False,&& prefix->name[1] == XML_T(ASCII_m)
526,2104.0,3682,3575,0.000000000000,0,0,1,4,False,&& prefix->name[2] == XML_T(ASCII_l)) {
526,2104.0,3682,3578,0.000000000000,0,0,1,4,False,if (prefix->name[3] == XML_T(ASCII_n)
526,2104.0,3682,3579,0.000000000000,0,0,1,4,False,&& prefix->name[4] == XML_T(ASCII_s)
526,2104.0,3682,3580,0.000000000000,0,0,1,4,False,&& prefix->name[5] == XML_T('\0'))
526,2104.0,3682,3581,0.000000000000,0,0,1,4,False,return XML_ERROR_RESERVED_PREFIX_XMLNS;
526,2104.0,3682,3583,0.000000000000,0,0,1,4,False,if (prefix->name[3] == XML_T('\0'))
526,2104.0,3682,3584,0.000000000000,0,0,1,4,False,mustBeXML = XML_TRUE;
526,2104.0,3682,3587,0.000000000000,0,0,1,4,False,for (len = 0; uri[len]; len++) {
526,2104.0,3682,3588,0.000000000000,0,0,1,4,False,if (isXML && (len > xmlLen || uri[len] != xmlNamespace[len]))
526,2104.0,3682,3589,0.000000000000,0,0,1,4,False,isXML = XML_FALSE;
526,2104.0,3682,3591,0.000000000000,0,0,1,4,False,if (!mustBeXML && isXMLNS
526,2104.0,3682,3592,0.000000000000,0,0,1,4,False,&& (len > xmlnsLen || uri[len] != xmlnsNamespace[len]))
526,2104.0,3682,3593,0.000000000000,0,0,1,4,False,isXMLNS = XML_FALSE;
526,2104.0,3682,3595,0.000000000000,0,0,1,4,False,isXML = isXML && len == xmlLen;
526,2104.0,3682,3596,0.000000000000,0,0,1,4,False,isXMLNS = isXMLNS && len == xmlnsLen;
526,2104.0,3682,3598,0.000000000000,0,0,1,4,False,if (mustBeXML != isXML)
526,2104.0,3682,3600,0.000000000000,0,0,1,4,False,: XML_ERROR_RESERVED_NAMESPACE_URI;
526,2104.0,3682,3602,0.000000000000,0,0,1,4,False,if (isXMLNS)
526,2104.0,3682,3603,0.000000000000,0,0,1,4,False,return XML_ERROR_RESERVED_NAMESPACE_URI;
526,2104.0,3682,3605,0.000000000000,0,0,1,4,False,if (parser->m_namespaceSeparator)
526,2104.0,3682,3606,0.000000000000,0,0,1,4,False,len++;
526,2104.0,3682,3607,0.000000000000,0,0,1,4,False,if (parser->m_freeBindingList) {
526,2104.0,3682,3608,0.000000000000,0,0,1,4,False,b = parser->m_freeBindingList;
526,2104.0,3682,3609,0.000000000000,0,0,1,4,False,if (len > b->uriAlloc) {
526,2104.0,3682,3610,0.000000000000,0,0,1,4,False,"XML_Char *temp = (XML_Char *)REALLOC(parser, b->uri,"
526,2104.0,3682,3612,0.000000000000,0,0,1,4,False,if (temp == NULL)
526,2104.0,3682,3613,0.000000000000,0,0,1,4,False,return XML_ERROR_NO_MEMORY;
526,2104.0,3682,3614,0.000000000000,0,0,1,4,False,b->uri = temp;
526,2104.0,3682,3615,0.000000000000,0,0,1,4,False,b->uriAlloc = len + EXPAND_SPARE;
526,2104.0,3682,3617,0.000000000000,0,0,1,4,False,parser->m_freeBindingList = b->nextTagBinding;
526,2104.0,3682,3620,0.000000000000,0,0,1,4,False,"b = (BINDING *)MALLOC(parser, sizeof(BINDING));"
526,2104.0,3682,3621,0.000000000000,0,0,1,4,False,if (!b)
526,2104.0,3682,3622,0.000000000000,0,0,1,4,False,return XML_ERROR_NO_MEMORY;
526,2104.0,3682,3623,0.000000000000,0,0,1,4,False,"b->uri = (XML_Char *)MALLOC(parser, sizeof(XML_Char) * (len + EXPAND_SPARE));"
526,2104.0,3682,3624,0.000000000000,0,0,1,4,False,if (!b->uri) {
526,2104.0,3682,3625,0.000000000000,0,0,1,4,False,"FREE(parser, b);"
526,2104.0,3682,3626,0.000000000000,0,0,1,4,False,return XML_ERROR_NO_MEMORY;
526,2104.0,3682,3628,0.000000000000,0,0,1,4,False,b->uriAlloc = len + EXPAND_SPARE;
526,2104.0,3682,3630,0.000000000000,0,0,1,4,False,b->uriLen = len;
526,2104.0,3682,3631,0.000000000000,0,0,1,4,False,"memcpy(b->uri, uri, len * sizeof(XML_Char));"
526,2104.0,3682,3632,0.000000000000,0,0,1,4,False,if (parser->m_namespaceSeparator)
526,2104.0,3682,3633,0.000000000000,0,0,1,4,False,b->uri[len - 1] = parser->m_namespaceSeparator;
526,2104.0,3682,3634,0.000000000000,0,0,1,4,False,b->prefix = prefix;
526,2104.0,3682,3635,0.000000000000,0,0,1,4,False,b->attId = attId;
526,2104.0,3682,3636,0.000000000000,0,0,1,4,False,b->prevPrefixBinding = prefix->binding;
526,2104.0,3682,3638,0.000000000000,0,0,1,4,False,if (*uri == XML_T('\0') && prefix == &parser->m_dtd->defaultPrefix)
526,2104.0,3682,3639,0.000000000000,0,0,1,4,False,prefix->binding = NULL;
526,2104.0,3682,3641,0.000000000000,0,0,1,4,False,prefix->binding = b;
526,2104.0,3682,3642,0.000000000000,0,0,1,4,False,b->nextTagBinding = *bindingsPtr;
526,2104.0,3682,3643,0.000000000000,0,0,1,4,False,*bindingsPtr = b;
526,2104.0,3682,3645,0.000000000000,0,0,1,4,False,if (attId && parser->m_startNamespaceDeclHandler)
526,2104.0,3682,3646,0.000000000000,0,0,1,4,False,"parser->m_startNamespaceDeclHandler(parser->m_handlerArg, prefix->name,"
526,2104.0,3682,3647,0.000000000000,0,0,1,4,False,prefix->binding ? uri : 0);
526,2104.0,3682,3648,0.000000000000,0,0,1,4,False,return XML_ERROR_NONE;
526,2104.0,3682,3655,0.000000000000,0,0,1,4,False,"cdataSectionProcessor(XML_Parser parser,"
526,2104.0,3682,3660,0.000000000000,0,0,1,4,False,"enum XML_Error result = doCdataSection(parser, parser->m_encoding, &start, end,"
526,2104.0,3682,3661,0.000000000000,0,0,1,4,False,"endPtr, (XML_Bool)!parser->m_parsingStatus.finalBuffer);"
526,2104.0,3682,3662,0.000000000000,0,0,1,4,False,if (result != XML_ERROR_NONE)
526,2104.0,3682,3663,0.000000000000,0,0,1,4,False,return result;
526,2104.0,3682,3664,0.000000000000,0,0,1,4,False,if (start) {
526,2104.0,3682,3665,0.000000000000,0,0,1,4,False,if (parser->m_parentParser) {  /* we are parsing an external entity */
526,2104.0,3682,3666,0.000000000000,0,0,1,4,False,parser->m_processor = externalEntityContentProcessor;
526,2104.0,3682,3667,0.000000000000,0,0,1,4,False,"return externalEntityContentProcessor(parser, start, end, endPtr);"
526,2104.0,3682,3670,0.000000000000,0,0,1,4,False,parser->m_processor = contentProcessor;
526,2104.0,3682,3671,0.000000000000,0,0,1,4,False,"return contentProcessor(parser, start, end, endPtr);"
526,2104.0,3682,3674,0.000000000000,0,0,1,4,False,return result;
526,2104.0,3682,3681,0.000000000000,0,0,1,4,False,"doCdataSection(XML_Parser parser,"
526,2104.0,3682,3688,0.000000000000,0,0,1,4,False,const char *s = *startPtr;
526,2104.0,3682,3691,0.000000000000,0,0,1,4,False,if (enc == parser->m_encoding) {
526,2104.0,3682,3692,0.000000000000,0,0,1,4,False,eventPP = &parser->m_eventPtr;
526,2104.0,3682,3693,0.000000000000,0,0,1,4,False,*eventPP = s;
526,2104.0,3682,3694,0.000000000000,0,0,1,4,False,eventEndPP = &parser->m_eventEndPtr;
526,2104.0,3682,3697,0.000000000000,0,0,1,4,False,eventPP = &(parser->m_openInternalEntities->internalEventPtr);
526,2104.0,3682,3698,0.000000000000,0,0,1,4,False,eventEndPP = &(parser->m_openInternalEntities->internalEventEndPtr);
526,2104.0,3682,3700,0.000000000000,0,0,1,4,False,*eventPP = s;
526,2104.0,3682,3701,0.000000000000,0,0,1,4,False,*startPtr = NULL;
526,2104.0,3682,3703,0.000000000000,0,0,1,4,False,for (;;) {
526,2104.0,3682,3705,0.000000000000,0,0,1,4,False,"int tok = XmlCdataSectionTok(enc, s, end, &next);"
526,2104.0,3682,3706,0.000000000000,0,0,1,4,False,*eventEndPP = next;
526,2104.0,3682,3707,0.000000000000,0,0,1,4,False,switch (tok) {
526,2104.0,3682,3708,0.000000000000,0,0,1,4,False,case XML_TOK_CDATA_SECT_CLOSE:
526,2104.0,3682,3709,0.000000000000,0,0,1,4,False,if (parser->m_endCdataSectionHandler)
526,2104.0,3682,3710,0.000000000000,0,0,1,4,False,parser->m_endCdataSectionHandler(parser->m_handlerArg);
526,2104.0,3682,3716,0.000000000000,0,0,1,4,False,else if (parser->m_defaultHandler)
526,2104.0,3682,3717,0.000000000000,0,0,1,4,False,"reportDefault(parser, enc, s, next);"
526,2104.0,3682,3718,0.000000000000,0,0,1,4,False,*startPtr = next;
526,2104.0,3682,3719,0.000000000000,0,0,1,4,False,*nextPtr = next;
526,2104.0,3682,3720,0.000000000000,0,0,1,4,False,if (parser->m_parsingStatus.parsing == XML_FINISHED)
526,2104.0,3682,3721,0.000000000000,0,0,1,4,False,return XML_ERROR_ABORTED;
526,2104.0,3682,3723,0.000000000000,0,0,1,4,False,return XML_ERROR_NONE;
526,2104.0,3682,3724,0.000000000000,0,0,1,4,False,case XML_TOK_DATA_NEWLINE:
526,2104.0,3682,3725,0.000000000000,0,0,1,4,False,if (parser->m_characterDataHandler) {
526,2104.0,3682,3726,0.000000000000,0,0,1,4,False,XML_Char c = 0xA;
526,2104.0,3682,3727,0.000000000000,0,0,1,4,False,"parser->m_characterDataHandler(parser->m_handlerArg, &c, 1);"
526,2104.0,3682,3729,0.000000000000,0,0,1,4,False,else if (parser->m_defaultHandler)
526,2104.0,3682,3730,0.000000000000,0,0,1,4,False,"reportDefault(parser, enc, s, next);"
526,2104.0,3682,3731,0.000000000000,0,0,1,4,False,break;
526,2104.0,3682,3732,0.000000000000,0,0,1,4,False,case XML_TOK_DATA_CHARS:
526,2104.0,3682,3734,0.000000000000,0,0,1,4,False,XML_CharacterDataHandler charDataHandler = parser->m_characterDataHandler;
526,2104.0,3682,3735,0.000000000000,0,0,1,4,False,if (charDataHandler) {
526,2104.0,3682,3736,0.000000000000,0,0,1,4,False,"if (MUST_CONVERT(enc, s)) {"
526,2104.0,3682,3737,0.000000000000,0,0,1,4,False,for (;;) {
526,2104.0,3682,3738,0.000000000000,0,0,1,4,False,ICHAR *dataPtr = (ICHAR *)parser->m_dataBuf;
526,2104.0,3682,3739,0.000000000000,0,0,1,4,False,"const enum XML_Convert_Result convert_res = XmlConvert(enc, &s, next, &dataPtr, (ICHAR *)parser->m_dataBufEnd);"
526,2104.0,3682,3740,0.000000000000,0,0,1,4,False,*eventEndPP = next;
526,2104.0,3682,3741,0.000000000000,0,0,1,4,False,"charDataHandler(parser->m_handlerArg, parser->m_dataBuf,"
526,2104.0,3682,3742,0.000000000000,0,0,1,4,False,(int)(dataPtr - (ICHAR *)parser->m_dataBuf));
526,2104.0,3682,3743,0.000000000000,0,0,1,4,False,if ((convert_res == XML_CONVERT_COMPLETED) || (convert_res == XML_CONVERT_INPUT_INCOMPLETE))
526,2104.0,3682,3745,0.000000000000,0,0,1,4,False,*eventPP = s;
526,2104.0,3682,3749,0.000000000000,0,0,1,4,False,"charDataHandler(parser->m_handlerArg,"
526,2104.0,3682,3751,0.000000000000,0,0,1,4,False,(int)((XML_Char *)next - (XML_Char *)s));
526,2104.0,3682,3753,0.000000000000,0,0,1,4,False,else if (parser->m_defaultHandler)
526,2104.0,3682,3754,0.000000000000,0,0,1,4,False,"reportDefault(parser, enc, s, next);"
526,2104.0,3682,3756,0.000000000000,0,0,1,4,False,break;
526,2104.0,3682,3757,0.000000000000,0,0,1,4,False,case XML_TOK_INVALID:
526,2104.0,3682,3758,0.000000000000,0,0,1,4,False,*eventPP = next;
526,2104.0,3682,3759,0.000000000000,0,0,1,4,False,return XML_ERROR_INVALID_TOKEN;
526,2104.0,3682,3760,0.000000000000,0,0,1,4,False,case XML_TOK_PARTIAL_CHAR:
526,2104.0,3682,3761,0.000000000000,0,0,1,4,False,if (haveMore) {
526,2104.0,3682,3762,0.000000000000,0,0,1,4,False,*nextPtr = s;
526,2104.0,3682,3763,0.000000000000,0,0,1,4,False,return XML_ERROR_NONE;
526,2104.0,3682,3765,0.000000000000,0,0,1,4,False,return XML_ERROR_PARTIAL_CHAR;
526,2104.0,3682,3766,0.000000000000,0,0,1,4,False,case XML_TOK_PARTIAL:
526,2104.0,3682,3768,0.000000000000,0,0,1,4,False,if (haveMore) {
526,2104.0,3682,3769,0.000000000000,0,0,1,4,False,*nextPtr = s;
526,2104.0,3682,3770,0.000000000000,0,0,1,4,False,return XML_ERROR_NONE;
526,2104.0,3682,3772,0.000000000000,0,0,1,4,False,return XML_ERROR_UNCLOSED_CDATA_SECTION;
526,2104.0,3682,3773,0.000000000000,0,0,1,4,False,default:
526,2104.0,3682,3781,0.000000000000,0,0,1,4,False,*eventPP = next;
526,2104.0,3682,3782,0.000000000000,0,0,1,4,False,return XML_ERROR_UNEXPECTED_STATE;
526,2104.0,3682,3786,0.000000000000,0,0,1,4,False,*eventPP = s = next;
526,2104.0,3682,3787,0.000000000000,0,0,1,4,False,switch (parser->m_parsingStatus.parsing) {
526,2104.0,3682,3788,0.000000000000,0,0,1,4,False,case XML_SUSPENDED:
526,2104.0,3682,3789,0.000000000000,0,0,1,4,False,*nextPtr = next;
526,2104.0,3682,3790,0.000000000000,0,0,1,4,False,return XML_ERROR_NONE;
526,2104.0,3682,3791,0.000000000000,0,0,1,4,False,case XML_FINISHED:
526,2104.0,3682,3792,0.000000000000,0,0,1,4,False,return XML_ERROR_ABORTED;
526,2104.0,3682,3793,0.000000000000,0,0,1,4,False,default: ;
526,2104.0,3682,3805,0.000000000000,0,0,1,4,False,"ignoreSectionProcessor(XML_Parser parser,"
526,2104.0,3682,3810,0.000000000000,0,0,1,4,False,"enum XML_Error result = doIgnoreSection(parser, parser->m_encoding, &start, end,"
526,2104.0,3682,3811,0.000000000000,0,0,1,4,False,"endPtr, (XML_Bool)!parser->m_parsingStatus.finalBuffer);"
526,2104.0,3682,3812,0.000000000000,0,0,1,4,False,if (result != XML_ERROR_NONE)
526,2104.0,3682,3813,0.000000000000,0,0,1,4,False,return result;
526,2104.0,3682,3814,0.000000000000,0,0,1,4,False,if (start) {
526,2104.0,3682,3815,0.000000000000,0,0,1,4,False,parser->m_processor = prologProcessor;
526,2104.0,3682,3816,0.000000000000,0,0,1,4,False,"return prologProcessor(parser, start, end, endPtr);"
526,2104.0,3682,3818,0.000000000000,0,0,1,4,False,return result;
526,2104.0,3682,3825,0.000000000000,0,0,1,4,False,"doIgnoreSection(XML_Parser parser,"
526,2104.0,3682,3834,0.000000000000,0,0,1,4,False,const char *s = *startPtr;
526,2104.0,3682,3837,0.000000000000,0,0,1,4,False,if (enc == parser->m_encoding) {
526,2104.0,3682,3838,0.000000000000,0,0,1,4,False,eventPP = &parser->m_eventPtr;
526,2104.0,3682,3839,0.000000000000,0,0,1,4,False,*eventPP = s;
526,2104.0,3682,3840,0.000000000000,0,0,1,4,False,eventEndPP = &parser->m_eventEndPtr;
526,2104.0,3682,3854,0.000000000000,0,0,1,4,False,eventPP = &(parser->m_openInternalEntities->internalEventPtr);
526,2104.0,3682,3855,0.000000000000,0,0,1,4,False,eventEndPP = &(parser->m_openInternalEntities->internalEventEndPtr);
526,2104.0,3682,3858,0.000000000000,0,0,1,4,False,*eventPP = s;
526,2104.0,3682,3859,0.000000000000,0,0,1,4,False,*startPtr = NULL;
526,2104.0,3682,3860,0.000000000000,0,0,1,4,False,"tok = XmlIgnoreSectionTok(enc, s, end, &next);"
526,2104.0,3682,3861,0.000000000000,0,0,1,4,False,*eventEndPP = next;
526,2104.0,3682,3862,0.000000000000,0,0,1,4,False,switch (tok) {
526,2104.0,3682,3863,0.000000000000,0,0,1,4,False,case XML_TOK_IGNORE_SECT:
526,2104.0,3682,3864,0.000000000000,0,0,1,4,False,if (parser->m_defaultHandler)
526,2104.0,3682,3865,0.000000000000,0,0,1,4,False,"reportDefault(parser, enc, s, next);"
526,2104.0,3682,3866,0.000000000000,0,0,1,4,False,*startPtr = next;
526,2104.0,3682,3867,0.000000000000,0,0,1,4,False,*nextPtr = next;
526,2104.0,3682,3868,0.000000000000,0,0,1,4,False,if (parser->m_parsingStatus.parsing == XML_FINISHED)
526,2104.0,3682,3869,0.000000000000,0,0,1,4,False,return XML_ERROR_ABORTED;
526,2104.0,3682,3871,0.000000000000,0,0,1,4,False,return XML_ERROR_NONE;
526,2104.0,3682,3872,0.000000000000,0,0,1,4,False,case XML_TOK_INVALID:
526,2104.0,3682,3873,0.000000000000,0,0,1,4,False,*eventPP = next;
526,2104.0,3682,3874,0.000000000000,0,0,1,4,False,return XML_ERROR_INVALID_TOKEN;
526,2104.0,3682,3875,0.000000000000,0,0,1,4,False,case XML_TOK_PARTIAL_CHAR:
526,2104.0,3682,3876,0.000000000000,0,0,1,4,False,if (haveMore) {
526,2104.0,3682,3877,0.000000000000,0,0,1,4,False,*nextPtr = s;
526,2104.0,3682,3878,0.000000000000,0,0,1,4,False,return XML_ERROR_NONE;
526,2104.0,3682,3880,0.000000000000,0,0,1,4,False,return XML_ERROR_PARTIAL_CHAR;
526,2104.0,3682,3881,0.000000000000,0,0,1,4,False,case XML_TOK_PARTIAL:
526,2104.0,3682,3883,0.000000000000,0,0,1,4,False,if (haveMore) {
526,2104.0,3682,3884,0.000000000000,0,0,1,4,False,*nextPtr = s;
526,2104.0,3682,3885,0.000000000000,0,0,1,4,False,return XML_ERROR_NONE;
526,2104.0,3682,3887,0.000000000000,0,0,1,4,False,return XML_ERROR_SYNTAX; /* XML_ERROR_UNCLOSED_IGNORE_SECTION */
526,2104.0,3682,3888,0.000000000000,0,0,1,4,False,default:
526,2104.0,3682,3896,0.000000000000,0,0,1,4,False,*eventPP = next;
526,2104.0,3682,3897,0.000000000000,0,0,1,4,False,return XML_ERROR_UNEXPECTED_STATE;
526,2104.0,3682,3932,0.000000000000,0,0,1,4,False,"return handleUnknownEncoding(parser, parser->m_protocolEncodingName);"
526,2104.0,3682,3936,0.000000000000,0,0,1,4,False,"processXmlDecl(XML_Parser parser, int isGeneralTextEntity,"
526,2104.0,3682,3939,0.000000000000,0,0,1,4,False,const char *encodingName = NULL;
526,2104.0,3682,3940,0.000000000000,0,0,1,4,False,const XML_Char *storedEncName = NULL;
526,2104.0,3682,3941,0.000000000000,0,0,1,4,False,const ENCODING *newEncoding = NULL;
526,2104.0,3682,3942,0.000000000000,0,0,1,4,False,const char *version = NULL;
526,2104.0,3682,3944,0.000000000000,0,0,1,4,False,const XML_Char *storedversion = NULL;
526,2104.0,3682,3945,0.000000000000,0,0,1,4,False,int standalone = -1;
526,2104.0,3682,3946,0.000000000000,0,0,1,4,False,if (!(parser->m_ns
526,2104.0,3682,3948,0.000000000000,0,0,1,4,False,": XmlParseXmlDecl)(isGeneralTextEntity,"
526,2104.0,3682,3958,0.000000000000,0,0,1,4,False,if (isGeneralTextEntity)
526,2104.0,3682,3959,0.000000000000,0,0,1,4,False,return XML_ERROR_TEXT_DECL;
526,2104.0,3682,3961,0.000000000000,0,0,1,4,False,return XML_ERROR_XML_DECL;
526,2104.0,3682,3963,0.000000000000,0,0,1,4,False,if (!isGeneralTextEntity && standalone == 1) {
526,2104.0,3682,3964,0.000000000000,0,0,1,4,False,parser->m_dtd->standalone = XML_TRUE;
526,2104.0,3682,3966,0.000000000000,0,0,1,4,False,if (parser->m_paramEntityParsing == XML_PARAM_ENTITY_PARSING_UNLESS_STANDALONE)
526,2104.0,3682,3967,0.000000000000,0,0,1,4,False,parser->m_paramEntityParsing = XML_PARAM_ENTITY_PARSING_NEVER;
526,2104.0,3682,3970,0.000000000000,0,0,1,4,False,if (parser->m_xmlDeclHandler) {
526,2104.0,3682,3971,0.000000000000,0,0,1,4,False,if (encodingName != NULL) {
526,2104.0,3682,3972,0.000000000000,0,0,1,4,False,"storedEncName = poolStoreString(&parser->m_temp2Pool,"
526,2104.0,3682,3976,0.000000000000,0,0,1,4,False,"+ XmlNameLength(parser->m_encoding, encodingName));"
526,2104.0,3682,3977,0.000000000000,0,0,1,4,False,if (!storedEncName)
526,2104.0,3682,3978,0.000000000000,0,0,1,4,False,return XML_ERROR_NO_MEMORY;
526,2104.0,3682,3979,0.000000000000,0,0,1,4,False,poolFinish(&parser->m_temp2Pool);
526,2104.0,3682,3981,0.000000000000,0,0,1,4,False,if (version) {
526,2104.0,3682,3982,0.000000000000,0,0,1,4,False,"storedversion = poolStoreString(&parser->m_temp2Pool,"
526,2104.0,3682,3985,0.000000000000,0,0,1,4,False,versionend - parser->m_encoding->minBytesPerChar);
526,2104.0,3682,3986,0.000000000000,0,0,1,4,False,if (!storedversion)
526,2104.0,3682,3987,0.000000000000,0,0,1,4,False,return XML_ERROR_NO_MEMORY;
526,2104.0,3682,3989,0.000000000000,0,0,1,4,False,"parser->m_xmlDeclHandler(parser->m_handlerArg, storedversion, storedEncName, standalone);"
526,2104.0,3682,3991,0.000000000000,0,0,1,4,False,else if (parser->m_defaultHandler)
526,2104.0,3682,3992,0.000000000000,0,0,1,4,False,"reportDefault(parser, parser->m_encoding, s, next);"
526,2104.0,3682,3993,0.000000000000,0,0,1,4,False,if (parser->m_protocolEncodingName == NULL) {
526,2104.0,3682,3994,0.000000000000,0,0,1,4,False,if (newEncoding) {
526,2104.0,3682,4000,0.000000000000,0,0,1,4,False,if (newEncoding->minBytesPerChar != parser->m_encoding->minBytesPerChar
526,2104.0,3682,4001,0.000000000000,0,0,1,4,False,|| (newEncoding->minBytesPerChar == 2 &&
526,2104.0,3682,4002,0.000000000000,0,0,1,4,False,newEncoding != parser->m_encoding)) {
526,2104.0,3682,4003,0.000000000000,0,0,1,4,False,parser->m_eventPtr = encodingName;
526,2104.0,3682,4004,0.000000000000,0,0,1,4,False,return XML_ERROR_INCORRECT_ENCODING;
526,2104.0,3682,4006,0.000000000000,0,0,1,4,False,parser->m_encoding = newEncoding;
526,2104.0,3682,4008,0.000000000000,0,0,1,4,False,else if (encodingName) {
526,2104.0,3682,4010,0.000000000000,0,0,1,4,False,if (!storedEncName) {
526,2104.0,3682,4011,0.000000000000,0,0,1,4,False,storedEncName = poolStoreString(
526,2104.0,3682,4013,0.000000000000,0,0,1,4,False,"encodingName + XmlNameLength(parser->m_encoding, encodingName));"
526,2104.0,3682,4014,0.000000000000,0,0,1,4,False,if (!storedEncName)
526,2104.0,3682,4015,0.000000000000,0,0,1,4,False,return XML_ERROR_NO_MEMORY;
526,2104.0,3682,4017,0.000000000000,0,0,1,4,False,"result = handleUnknownEncoding(parser, storedEncName);"
526,2104.0,3682,4018,0.000000000000,0,0,1,4,False,poolClear(&parser->m_temp2Pool);
526,2104.0,3682,4019,0.000000000000,0,0,1,4,False,if (result == XML_ERROR_UNKNOWN_ENCODING)
526,2104.0,3682,4020,0.000000000000,0,0,1,4,False,parser->m_eventPtr = encodingName;
526,2104.0,3682,4021,0.000000000000,0,0,1,4,False,return result;
526,2104.0,3682,4025,0.000000000000,0,0,1,4,False,if (storedEncName || storedversion)
526,2104.0,3682,4026,0.000000000000,0,0,1,4,False,poolClear(&parser->m_temp2Pool);
526,2104.0,3682,4028,0.000000000000,0,0,1,4,False,return XML_ERROR_NONE;
526,2104.0,3682,4032,0.000000000000,0,0,1,4,False,"handleUnknownEncoding(XML_Parser parser, const XML_Char *encodingName)"
526,2104.0,3682,4034,0.000000000000,0,0,1,4,False,if (parser->m_unknownEncodingHandler) {
526,2104.0,3682,4037,0.000000000000,0,0,1,4,False,for (i = 0; i < 256; i++)
526,2104.0,3682,4038,0.000000000000,0,0,1,4,False,info.map[i] = -1;
526,2104.0,3682,4039,0.000000000000,0,0,1,4,False,info.convert = NULL;
526,2104.0,3682,4040,0.000000000000,0,0,1,4,False,info.data = NULL;
526,2104.0,3682,4041,0.000000000000,0,0,1,4,False,info.release = NULL;
526,2104.0,3682,4042,0.000000000000,0,0,1,4,False,"if (parser->m_unknownEncodingHandler(parser->m_unknownEncodingHandlerData, encodingName,"
526,2104.0,3682,4045,0.000000000000,0,0,1,4,False,"parser->m_unknownEncodingMem = MALLOC(parser, XmlSizeOfUnknownEncoding());"
526,2104.0,3682,4046,0.000000000000,0,0,1,4,False,if (!parser->m_unknownEncodingMem) {
526,2104.0,3682,4047,0.000000000000,0,0,1,4,False,if (info.release)
526,2104.0,3682,4048,0.000000000000,0,0,1,4,False,info.release(info.data);
526,2104.0,3682,4049,0.000000000000,0,0,1,4,False,return XML_ERROR_NO_MEMORY;
526,2104.0,3682,4051,0.000000000000,0,0,1,4,False,enc = (parser->m_ns
526,2104.0,3682,4053,0.000000000000,0,0,1,4,False,": XmlInitUnknownEncoding)(parser->m_unknownEncodingMem,"
526,2104.0,3682,4055,0.000000000000,0,0,1,4,False,"info.convert,"
526,2104.0,3682,4057,0.000000000000,0,0,1,4,False,if (enc) {
526,2104.0,3682,4058,0.000000000000,0,0,1,4,False,parser->m_unknownEncodingData = info.data;
526,2104.0,3682,4059,0.000000000000,0,0,1,4,False,parser->m_unknownEncodingRelease = info.release;
526,2104.0,3682,4060,0.000000000000,0,0,1,4,False,parser->m_encoding = enc;
526,2104.0,3682,4061,0.000000000000,0,0,1,4,False,return XML_ERROR_NONE;
526,2104.0,3682,4064,0.000000000000,0,0,1,4,False,if (info.release != NULL)
526,2104.0,3682,4065,0.000000000000,0,0,1,4,False,info.release(info.data);
526,2104.0,3682,4067,0.000000000000,0,0,1,4,False,return XML_ERROR_UNKNOWN_ENCODING;
526,2104.0,3682,4078,0.000000000000,0,0,1,4,False,return result;
526,2104.0,3682,4086,0.000000000000,0,0,1,4,False,"externalParEntInitProcessor(XML_Parser parser,"
526,2104.0,3682,4091,0.000000000000,0,0,1,4,False,enum XML_Error result = initializeEncoding(parser);
526,2104.0,3682,4092,0.000000000000,0,0,1,4,False,if (result != XML_ERROR_NONE)
526,2104.0,3682,4093,0.000000000000,0,0,1,4,False,return result;
526,2104.0,3682,4097,0.000000000000,0,0,1,4,False,parser->m_dtd->paramEntityRead = XML_TRUE;
526,2104.0,3682,4099,0.000000000000,0,0,1,4,False,if (parser->m_prologState.inEntityValue) {
526,2104.0,3682,4100,0.000000000000,0,0,1,4,False,parser->m_processor = entityValueInitProcessor;
526,2104.0,3682,4101,0.000000000000,0,0,1,4,False,"return entityValueInitProcessor(parser, s, end, nextPtr);"
526,2104.0,3682,4104,0.000000000000,0,0,1,4,False,parser->m_processor = externalParEntProcessor;
526,2104.0,3682,4105,0.000000000000,0,0,1,4,False,"return externalParEntProcessor(parser, s, end, nextPtr);"
526,2104.0,3682,4110,0.000000000000,0,0,1,4,False,"entityValueInitProcessor(XML_Parser parser,"
526,2104.0,3682,4116,0.000000000000,0,0,1,4,False,const char *start = s;
526,2104.0,3682,4117,0.000000000000,0,0,1,4,False,const char *next = start;
526,2104.0,3682,4118,0.000000000000,0,0,1,4,False,parser->m_eventPtr = start;
526,2104.0,3682,4121,0.000000000000,0,0,1,4,False,"tok = XmlPrologTok(parser->m_encoding, start, end, &next);"
526,2104.0,3682,4122,0.000000000000,0,0,1,4,False,parser->m_eventEndPtr = next;
526,2104.0,3682,4123,0.000000000000,0,0,1,4,False,if (tok <= 0) {
526,2104.0,3682,4124,0.000000000000,0,0,1,4,False,if (!parser->m_parsingStatus.finalBuffer && tok != XML_TOK_INVALID) {
526,2104.0,3682,4125,0.000000000000,0,0,1,4,False,*nextPtr = s;
526,2104.0,3682,4126,0.000000000000,0,0,1,4,False,return XML_ERROR_NONE;
526,2104.0,3682,4128,0.000000000000,0,0,1,4,False,switch (tok) {
526,2104.0,3682,4129,0.000000000000,0,0,1,4,False,case XML_TOK_INVALID:
526,2104.0,3682,4130,0.000000000000,0,0,1,4,False,return XML_ERROR_INVALID_TOKEN;
526,2104.0,3682,4131,0.000000000000,0,0,1,4,False,case XML_TOK_PARTIAL:
526,2104.0,3682,4132,0.000000000000,0,0,1,4,False,return XML_ERROR_UNCLOSED_TOKEN;
526,2104.0,3682,4133,0.000000000000,0,0,1,4,False,case XML_TOK_PARTIAL_CHAR:
526,2104.0,3682,4134,0.000000000000,0,0,1,4,False,return XML_ERROR_PARTIAL_CHAR;
526,2104.0,3682,4135,0.000000000000,0,0,1,4,False,case XML_TOK_NONE:   /* start == end */
526,2104.0,3682,4137,0.000000000000,0,0,1,4,False,break;
526,2104.0,3682,4140,0.000000000000,0,0,1,4,False,"return storeEntityValue(parser, parser->m_encoding, s, end);"
526,2104.0,3682,4142,0.000000000000,0,0,1,4,False,else if (tok == XML_TOK_XML_DECL) {
526,2104.0,3682,4144,0.000000000000,0,0,1,4,False,"result = processXmlDecl(parser, 0, start, next);"
526,2104.0,3682,4145,0.000000000000,0,0,1,4,False,if (result != XML_ERROR_NONE)
526,2104.0,3682,4146,0.000000000000,0,0,1,4,False,return result;
526,2104.0,3682,4152,0.000000000000,0,0,1,4,False,if (parser->m_parsingStatus.parsing == XML_FINISHED)
526,2104.0,3682,4153,0.000000000000,0,0,1,4,False,return XML_ERROR_ABORTED;
526,2104.0,3682,4154,0.000000000000,0,0,1,4,False,*nextPtr = next;
526,2104.0,3682,4156,0.000000000000,0,0,1,4,False,parser->m_processor = entityValueProcessor;
526,2104.0,3682,4157,0.000000000000,0,0,1,4,False,"return entityValueProcessor(parser, next, end, nextPtr);"
526,2104.0,3682,4166,0.000000000000,0,0,1,4,False,else if (tok == XML_TOK_BOM && next == end && !parser->m_parsingStatus.finalBuffer) {
526,2104.0,3682,4167,0.000000000000,0,0,1,4,False,*nextPtr = next;
526,2104.0,3682,4168,0.000000000000,0,0,1,4,False,return XML_ERROR_NONE;
526,2104.0,3682,4174,0.000000000000,0,0,1,4,False,else if (tok == XML_TOK_INSTANCE_START) {
526,2104.0,3682,4175,0.000000000000,0,0,1,4,False,*nextPtr = next;
526,2104.0,3682,4176,0.000000000000,0,0,1,4,False,return XML_ERROR_SYNTAX;
526,2104.0,3682,4178,0.000000000000,0,0,1,4,False,start = next;
526,2104.0,3682,4179,0.000000000000,0,0,1,4,False,parser->m_eventPtr = start;
526,2104.0,3682,4184,0.000000000000,0,0,1,4,False,"externalParEntProcessor(XML_Parser parser,"
526,2104.0,3682,4189,0.000000000000,0,0,1,4,False,const char *next = s;
526,2104.0,3682,4192,0.000000000000,0,0,1,4,False,"tok = XmlPrologTok(parser->m_encoding, s, end, &next);"
526,2104.0,3682,4193,0.000000000000,0,0,1,4,False,if (tok <= 0) {
526,2104.0,3682,4194,0.000000000000,0,0,1,4,False,if (!parser->m_parsingStatus.finalBuffer && tok != XML_TOK_INVALID) {
526,2104.0,3682,4195,0.000000000000,0,0,1,4,False,*nextPtr = s;
526,2104.0,3682,4196,0.000000000000,0,0,1,4,False,return XML_ERROR_NONE;
526,2104.0,3682,4198,0.000000000000,0,0,1,4,False,switch (tok) {
526,2104.0,3682,4199,0.000000000000,0,0,1,4,False,case XML_TOK_INVALID:
526,2104.0,3682,4200,0.000000000000,0,0,1,4,False,return XML_ERROR_INVALID_TOKEN;
526,2104.0,3682,4201,0.000000000000,0,0,1,4,False,case XML_TOK_PARTIAL:
526,2104.0,3682,4202,0.000000000000,0,0,1,4,False,return XML_ERROR_UNCLOSED_TOKEN;
526,2104.0,3682,4203,0.000000000000,0,0,1,4,False,case XML_TOK_PARTIAL_CHAR:
526,2104.0,3682,4204,0.000000000000,0,0,1,4,False,return XML_ERROR_PARTIAL_CHAR;
526,2104.0,3682,4205,0.000000000000,0,0,1,4,False,case XML_TOK_NONE:   /* start == end */
526,2104.0,3682,4207,0.000000000000,0,0,1,4,False,break;
526,2104.0,3682,4214,0.000000000000,0,0,1,4,False,else if (tok == XML_TOK_BOM) {
526,2104.0,3682,4215,0.000000000000,0,0,1,4,False,s = next;
526,2104.0,3682,4216,0.000000000000,0,0,1,4,False,"tok = XmlPrologTok(parser->m_encoding, s, end, &next);"
526,2104.0,3682,4219,0.000000000000,0,0,1,4,False,parser->m_processor = prologProcessor;
526,2104.0,3682,4220,0.000000000000,0,0,1,4,False,"return doProlog(parser, parser->m_encoding, s, end, tok, next,"
526,2104.0,3682,4221,0.000000000000,0,0,1,4,False,"nextPtr, (XML_Bool)!parser->m_parsingStatus.finalBuffer);"
526,2104.0,3682,4225,0.000000000000,0,0,1,4,False,"entityValueProcessor(XML_Parser parser,"
526,2104.0,3682,4230,0.000000000000,0,0,1,4,False,const char *start = s;
526,2104.0,3682,4231,0.000000000000,0,0,1,4,False,const char *next = s;
526,2104.0,3682,4232,0.000000000000,0,0,1,4,False,const ENCODING *enc = parser->m_encoding;
526,2104.0,3682,4236,0.000000000000,0,0,1,4,False,"tok = XmlPrologTok(enc, start, end, &next);"
526,2104.0,3682,4237,0.000000000000,0,0,1,4,False,if (tok <= 0) {
526,2104.0,3682,4238,0.000000000000,0,0,1,4,False,if (!parser->m_parsingStatus.finalBuffer && tok != XML_TOK_INVALID) {
526,2104.0,3682,4239,0.000000000000,0,0,1,4,False,*nextPtr = s;
526,2104.0,3682,4240,0.000000000000,0,0,1,4,False,return XML_ERROR_NONE;
526,2104.0,3682,4242,0.000000000000,0,0,1,4,False,switch (tok) {
526,2104.0,3682,4243,0.000000000000,0,0,1,4,False,case XML_TOK_INVALID:
526,2104.0,3682,4244,0.000000000000,0,0,1,4,False,return XML_ERROR_INVALID_TOKEN;
526,2104.0,3682,4245,0.000000000000,0,0,1,4,False,case XML_TOK_PARTIAL:
526,2104.0,3682,4246,0.000000000000,0,0,1,4,False,return XML_ERROR_UNCLOSED_TOKEN;
526,2104.0,3682,4247,0.000000000000,0,0,1,4,False,case XML_TOK_PARTIAL_CHAR:
526,2104.0,3682,4248,0.000000000000,0,0,1,4,False,return XML_ERROR_PARTIAL_CHAR;
526,2104.0,3682,4249,0.000000000000,0,0,1,4,False,case XML_TOK_NONE:   /* start == end */
526,2104.0,3682,4251,0.000000000000,0,0,1,4,False,break;
526,2104.0,3682,4254,0.000000000000,0,0,1,4,False,"return storeEntityValue(parser, enc, s, end);"
526,2104.0,3682,4256,0.000000000000,0,0,1,4,False,start = next;
526,2104.0,3682,4319,0.000000000000,0,0,1,4,False,eventPP = &(parser->m_openInternalEntities->internalEventPtr);
526,2104.0,3682,4320,0.000000000000,0,0,1,4,False,eventEndPP = &(parser->m_openInternalEntities->internalEventEndPtr);
526,2104.0,3682,4323,0.000000000000,0,0,1,4,False,for (;;) {
526,2104.0,3682,4329,0.000000000000,0,0,1,4,False,if (haveMore && tok != XML_TOK_INVALID) {
526,2104.0,3682,4330,0.000000000000,0,0,1,4,False,*nextPtr = s;
526,2104.0,3682,4331,0.000000000000,0,0,1,4,False,return XML_ERROR_NONE;
526,2104.0,3682,4333,0.000000000000,0,0,1,4,False,switch (tok) {
526,2104.0,3682,4334,0.000000000000,0,0,1,4,False,case XML_TOK_INVALID:
526,2104.0,3682,4335,0.000000000000,0,0,1,4,False,*eventPP = next;
526,2104.0,3682,4336,0.000000000000,0,0,1,4,False,return XML_ERROR_INVALID_TOKEN;
526,2104.0,3682,4337,0.000000000000,0,0,1,4,False,case XML_TOK_PARTIAL:
526,2104.0,3682,4338,0.000000000000,0,0,1,4,False,return XML_ERROR_UNCLOSED_TOKEN;
526,2104.0,3682,4339,0.000000000000,0,0,1,4,False,case XML_TOK_PARTIAL_CHAR:
526,2104.0,3682,4340,0.000000000000,0,0,1,4,False,return XML_ERROR_PARTIAL_CHAR;
526,2104.0,3682,4341,0.000000000000,0,0,1,4,False,case -XML_TOK_PROLOG_S:
526,2104.0,3682,4342,0.000000000000,0,0,1,4,False,tok = -tok;
526,2104.0,3682,4343,0.000000000000,0,0,1,4,False,break;
526,2104.0,3682,4344,0.000000000000,0,0,1,4,False,case XML_TOK_NONE:
526,2104.0,3682,4347,0.000000000000,0,0,1,4,False,if (enc != parser->m_encoding && !parser->m_openInternalEntities->betweenDecl) {
526,2104.0,3682,4348,0.000000000000,0,0,1,4,False,*nextPtr = s;
526,2104.0,3682,4349,0.000000000000,0,0,1,4,False,return XML_ERROR_NONE;
526,2104.0,3682,4355,0.000000000000,0,0,1,4,False,if (parser->m_isParamEntity || enc != parser->m_encoding) {
526,2104.0,3682,4356,0.000000000000,0,0,1,4,False,"if (XmlTokenRole(&parser->m_prologState, XML_TOK_NONE, end, end, enc)"
526,2104.0,3682,4358,0.000000000000,0,0,1,4,False,return XML_ERROR_INCOMPLETE_PE;
526,2104.0,3682,4359,0.000000000000,0,0,1,4,False,*nextPtr = s;
526,2104.0,3682,4360,0.000000000000,0,0,1,4,False,return XML_ERROR_NONE;
526,2104.0,3682,4363,0.000000000000,0,0,1,4,False,return XML_ERROR_NO_ELEMENTS;
526,2104.0,3682,4364,0.000000000000,0,0,1,4,False,default:
526,2104.0,3682,4365,0.000000000000,0,0,1,4,False,tok = -tok;
526,2104.0,3682,4366,0.000000000000,0,0,1,4,False,next = end;
526,2104.0,3682,4367,0.000000000000,0,0,1,4,False,break;
526,2104.0,3682,4372,0.000000000000,0,0,1,4,False,case XML_ROLE_XML_DECL:
526,2104.0,3682,4374,0.000000000000,0,0,1,4,False,"enum XML_Error result = processXmlDecl(parser, 0, s, next);"
526,2104.0,3682,4375,0.000000000000,0,0,1,4,False,if (result != XML_ERROR_NONE)
526,2104.0,3682,4376,0.000000000000,0,0,1,4,False,return result;
526,2104.0,3682,4377,0.000000000000,0,0,1,4,False,enc = parser->m_encoding;
526,2104.0,3682,4378,0.000000000000,0,0,1,4,False,handleDefault = XML_FALSE;
526,2104.0,3682,4380,0.000000000000,0,0,1,4,False,break;
526,2104.0,3682,4381,0.000000000000,0,0,1,4,False,case XML_ROLE_DOCTYPE_NAME:
526,2104.0,3682,4382,0.000000000000,0,0,1,4,False,if (parser->m_startDoctypeDeclHandler) {
526,2104.0,3682,4383,0.000000000000,0,0,1,4,False,"parser->m_doctypeName = poolStoreString(&parser->m_tempPool, enc, s, next);"
526,2104.0,3682,4384,0.000000000000,0,0,1,4,False,if (!parser->m_doctypeName)
526,2104.0,3682,4385,0.000000000000,0,0,1,4,False,return XML_ERROR_NO_MEMORY;
526,2104.0,3682,4386,0.000000000000,0,0,1,4,False,poolFinish(&parser->m_tempPool);
526,2104.0,3682,4387,0.000000000000,0,0,1,4,False,parser->m_doctypePubid = NULL;
526,2104.0,3682,4388,0.000000000000,0,0,1,4,False,handleDefault = XML_FALSE;
526,2104.0,3682,4390,0.000000000000,0,0,1,4,False,parser->m_doctypeSysid = NULL; /* always initialize to NULL */
526,2104.0,3682,4391,0.000000000000,0,0,1,4,False,break;
526,2104.0,3682,4392,0.000000000000,0,0,1,4,False,case XML_ROLE_DOCTYPE_INTERNAL_SUBSET:
526,2104.0,3682,4393,0.000000000000,0,0,1,4,False,if (parser->m_startDoctypeDeclHandler) {
526,2104.0,3682,4394,0.000000000000,0,0,1,4,False,"parser->m_startDoctypeDeclHandler(parser->m_handlerArg, parser->m_doctypeName, parser->m_doctypeSysid,"
526,2104.0,3682,4396,0.000000000000,0,0,1,4,False,parser->m_doctypeName = NULL;
526,2104.0,3682,4397,0.000000000000,0,0,1,4,False,poolClear(&parser->m_tempPool);
526,2104.0,3682,4398,0.000000000000,0,0,1,4,False,handleDefault = XML_FALSE;
526,2104.0,3682,4400,0.000000000000,0,0,1,4,False,break;
526,2104.0,3682,4402,0.000000000000,0,0,1,4,False,case XML_ROLE_TEXT_DECL:
526,2104.0,3682,4404,0.000000000000,0,0,1,4,False,"enum XML_Error result = processXmlDecl(parser, 1, s, next);"
526,2104.0,3682,4405,0.000000000000,0,0,1,4,False,if (result != XML_ERROR_NONE)
526,2104.0,3682,4406,0.000000000000,0,0,1,4,False,return result;
526,2104.0,3682,4407,0.000000000000,0,0,1,4,False,enc = parser->m_encoding;
526,2104.0,3682,4408,0.000000000000,0,0,1,4,False,handleDefault = XML_FALSE;
526,2104.0,3682,4410,0.000000000000,0,0,1,4,False,break;
526,2104.0,3682,4412,0.000000000000,0,0,1,4,False,case XML_ROLE_DOCTYPE_PUBLIC_ID:
526,2104.0,3682,4414,0.000000000000,0,0,1,4,False,parser->m_useForeignDTD = XML_FALSE;
526,2104.0,3682,4415,0.000000000000,0,0,1,4,False,"parser->m_declEntity = (ENTITY *)lookup(parser,"
526,2104.0,3682,4419,0.000000000000,0,0,1,4,False,if (!parser->m_declEntity)
526,2104.0,3682,4420,0.000000000000,0,0,1,4,False,return XML_ERROR_NO_MEMORY;
526,2104.0,3682,4422,0.000000000000,0,0,1,4,False,dtd->hasParamEntityRefs = XML_TRUE;
526,2104.0,3682,4423,0.000000000000,0,0,1,4,False,if (parser->m_startDoctypeDeclHandler) {
526,2104.0,3682,4425,0.000000000000,0,0,1,4,False,"if (!XmlIsPublicId(enc, s, next, eventPP))"
526,2104.0,3682,4426,0.000000000000,0,0,1,4,False,return XML_ERROR_PUBLICID;
526,2104.0,3682,4427,0.000000000000,0,0,1,4,False,"pubId = poolStoreString(&parser->m_tempPool, enc,"
526,2104.0,3682,4428,0.000000000000,0,0,1,4,False,"s + enc->minBytesPerChar,"
526,2104.0,3682,4429,0.000000000000,0,0,1,4,False,next - enc->minBytesPerChar);
526,2104.0,3682,4430,0.000000000000,0,0,1,4,False,if (!pubId)
526,2104.0,3682,4431,0.000000000000,0,0,1,4,False,return XML_ERROR_NO_MEMORY;
526,2104.0,3682,4432,0.000000000000,0,0,1,4,False,normalizePublicId(pubId);
526,2104.0,3682,4433,0.000000000000,0,0,1,4,False,poolFinish(&parser->m_tempPool);
526,2104.0,3682,4434,0.000000000000,0,0,1,4,False,parser->m_doctypePubid = pubId;
526,2104.0,3682,4435,0.000000000000,0,0,1,4,False,handleDefault = XML_FALSE;
526,2104.0,3682,4436,0.000000000000,0,0,1,4,False,goto alreadyChecked;
526,2104.0,3682,4440,0.000000000000,0,0,1,4,False,"if (!XmlIsPublicId(enc, s, next, eventPP))"
526,2104.0,3682,4441,0.000000000000,0,0,1,4,False,return XML_ERROR_PUBLICID;
526,2104.0,3682,4442,0.000000000000,0,0,1,4,False,alreadyChecked:
526,2104.0,3682,4443,0.000000000000,0,0,1,4,False,if (dtd->keepProcessing && parser->m_declEntity) {
526,2104.0,3682,4444,0.000000000000,0,0,1,4,False,"XML_Char *tem = poolStoreString(&dtd->pool,"
526,2104.0,3682,4446,0.000000000000,0,0,1,4,False,"s + enc->minBytesPerChar,"
526,2104.0,3682,4447,0.000000000000,0,0,1,4,False,next - enc->minBytesPerChar);
526,2104.0,3682,4448,0.000000000000,0,0,1,4,False,if (!tem)
526,2104.0,3682,4449,0.000000000000,0,0,1,4,False,return XML_ERROR_NO_MEMORY;
526,2104.0,3682,4450,0.000000000000,0,0,1,4,False,normalizePublicId(tem);
526,2104.0,3682,4451,0.000000000000,0,0,1,4,False,parser->m_declEntity->publicId = tem;
526,2104.0,3682,4452,0.000000000000,0,0,1,4,False,poolFinish(&dtd->pool);
526,2104.0,3682,4456,0.000000000000,0,0,1,4,False,if (parser->m_entityDeclHandler && role == XML_ROLE_ENTITY_PUBLIC_ID)
526,2104.0,3682,4457,0.000000000000,0,0,1,4,False,handleDefault = XML_FALSE;
526,2104.0,3682,4459,0.000000000000,0,0,1,4,False,break;
526,2104.0,3682,4460,0.000000000000,0,0,1,4,False,case XML_ROLE_DOCTYPE_CLOSE:
526,2104.0,3682,4461,0.000000000000,0,0,1,4,False,if (parser->m_doctypeName) {
526,2104.0,3682,4462,0.000000000000,0,0,1,4,False,"parser->m_startDoctypeDeclHandler(parser->m_handlerArg, parser->m_doctypeName,"
526,2104.0,3682,4464,0.000000000000,0,0,1,4,False,poolClear(&parser->m_tempPool);
526,2104.0,3682,4465,0.000000000000,0,0,1,4,False,handleDefault = XML_FALSE;
526,2104.0,3682,4472,0.000000000000,0,0,1,4,False,if (parser->m_doctypeSysid || parser->m_useForeignDTD) {
526,2104.0,3682,4473,0.000000000000,0,0,1,4,False,XML_Bool hadParamEntityRefs = dtd->hasParamEntityRefs;
526,2104.0,3682,4474,0.000000000000,0,0,1,4,False,dtd->hasParamEntityRefs = XML_TRUE;
526,2104.0,3682,4475,0.000000000000,0,0,1,4,False,if (parser->m_paramEntityParsing && parser->m_externalEntityRefHandler) {
526,2104.0,3682,4476,0.000000000000,0,0,1,4,False,"ENTITY *entity = (ENTITY *)lookup(parser,"
526,2104.0,3682,4480,0.000000000000,0,0,1,4,False,if (!entity) {
526,2104.0,3682,4486,0.000000000000,0,0,1,4,False,return XML_ERROR_NO_MEMORY; /* LCOV_EXCL_LINE */
526,2104.0,3682,4488,0.000000000000,0,0,1,4,False,if (parser->m_useForeignDTD)
526,2104.0,3682,4489,0.000000000000,0,0,1,4,False,entity->base = parser->m_curBase;
526,2104.0,3682,4490,0.000000000000,0,0,1,4,False,dtd->paramEntityRead = XML_FALSE;
526,2104.0,3682,4491,0.000000000000,0,0,1,4,False,"if (!parser->m_externalEntityRefHandler(parser->m_externalEntityRefHandlerArg,"
526,2104.0,3682,4496,0.000000000000,0,0,1,4,False,return XML_ERROR_EXTERNAL_ENTITY_HANDLING;
526,2104.0,3682,4497,0.000000000000,0,0,1,4,False,if (dtd->paramEntityRead) {
526,2104.0,3682,4498,0.000000000000,0,0,1,4,False,if (!dtd->standalone &&
526,2104.0,3682,4499,0.000000000000,0,0,1,4,False,parser->m_notStandaloneHandler &&
526,2104.0,3682,4500,0.000000000000,0,0,1,4,False,!parser->m_notStandaloneHandler(parser->m_handlerArg))
526,2104.0,3682,4501,0.000000000000,0,0,1,4,False,return XML_ERROR_NOT_STANDALONE;
526,2104.0,3682,4506,0.000000000000,0,0,1,4,False,else if (!parser->m_doctypeSysid)
526,2104.0,3682,4507,0.000000000000,0,0,1,4,False,dtd->hasParamEntityRefs = hadParamEntityRefs;
526,2104.0,3682,4510,0.000000000000,0,0,1,4,False,parser->m_useForeignDTD = XML_FALSE;
526,2104.0,3682,4513,0.000000000000,0,0,1,4,False,if (parser->m_endDoctypeDeclHandler) {
526,2104.0,3682,4514,0.000000000000,0,0,1,4,False,parser->m_endDoctypeDeclHandler(parser->m_handlerArg);
526,2104.0,3682,4515,0.000000000000,0,0,1,4,False,handleDefault = XML_FALSE;
526,2104.0,3682,4517,0.000000000000,0,0,1,4,False,break;
526,2104.0,3682,4524,0.000000000000,0,0,1,4,False,XML_Bool hadParamEntityRefs = dtd->hasParamEntityRefs;
526,2104.0,3682,4525,0.000000000000,0,0,1,4,False,dtd->hasParamEntityRefs = XML_TRUE;
526,2104.0,3682,4526,0.000000000000,0,0,1,4,False,if (parser->m_paramEntityParsing && parser->m_externalEntityRefHandler) {
526,2104.0,3682,4527,0.000000000000,0,0,1,4,False,"ENTITY *entity = (ENTITY *)lookup(parser, &dtd->paramEntities,"
526,2104.0,3682,4530,0.000000000000,0,0,1,4,False,if (!entity)
526,2104.0,3682,4531,0.000000000000,0,0,1,4,False,return XML_ERROR_NO_MEMORY;
526,2104.0,3682,4532,0.000000000000,0,0,1,4,False,entity->base = parser->m_curBase;
526,2104.0,3682,4533,0.000000000000,0,0,1,4,False,dtd->paramEntityRead = XML_FALSE;
526,2104.0,3682,4534,0.000000000000,0,0,1,4,False,"if (!parser->m_externalEntityRefHandler(parser->m_externalEntityRefHandlerArg,"
526,2104.0,3682,4539,0.000000000000,0,0,1,4,False,return XML_ERROR_EXTERNAL_ENTITY_HANDLING;
526,2104.0,3682,4540,0.000000000000,0,0,1,4,False,if (dtd->paramEntityRead) {
526,2104.0,3682,4541,0.000000000000,0,0,1,4,False,if (!dtd->standalone &&
526,2104.0,3682,4542,0.000000000000,0,0,1,4,False,parser->m_notStandaloneHandler &&
526,2104.0,3682,4543,0.000000000000,0,0,1,4,False,!parser->m_notStandaloneHandler(parser->m_handlerArg))
526,2104.0,3682,4544,0.000000000000,0,0,1,4,False,return XML_ERROR_NOT_STANDALONE;
526,2104.0,3682,4550,0.000000000000,0,0,1,4,False,dtd->hasParamEntityRefs = hadParamEntityRefs;
526,2104.0,3682,4557,0.000000000000,0,0,1,4,False,case XML_ROLE_ATTLIST_ELEMENT_NAME:
526,2104.0,3682,4558,0.000000000000,0,0,1,4,False,"parser->m_declElementType = getElementType(parser, enc, s, next);"
526,2104.0,3682,4559,0.000000000000,0,0,1,4,False,if (!parser->m_declElementType)
526,2104.0,3682,4560,0.000000000000,0,0,1,4,False,return XML_ERROR_NO_MEMORY;
526,2104.0,3682,4561,0.000000000000,0,0,1,4,False,goto checkAttListDeclHandler;
526,2104.0,3682,4562,0.000000000000,0,0,1,4,False,case XML_ROLE_ATTRIBUTE_NAME:
526,2104.0,3682,4563,0.000000000000,0,0,1,4,False,"parser->m_declAttributeId = getAttributeId(parser, enc, s, next);"
526,2104.0,3682,4564,0.000000000000,0,0,1,4,False,if (!parser->m_declAttributeId)
526,2104.0,3682,4565,0.000000000000,0,0,1,4,False,return XML_ERROR_NO_MEMORY;
526,2104.0,3682,4566,0.000000000000,0,0,1,4,False,parser->m_declAttributeIsCdata = XML_FALSE;
526,2104.0,3682,4567,0.000000000000,0,0,1,4,False,parser->m_declAttributeType = NULL;
526,2104.0,3682,4568,0.000000000000,0,0,1,4,False,parser->m_declAttributeIsId = XML_FALSE;
526,2104.0,3682,4569,0.000000000000,0,0,1,4,False,goto checkAttListDeclHandler;
526,2104.0,3682,4570,0.000000000000,0,0,1,4,False,case XML_ROLE_ATTRIBUTE_TYPE_CDATA:
526,2104.0,3682,4571,0.000000000000,0,0,1,4,False,parser->m_declAttributeIsCdata = XML_TRUE;
526,2104.0,3682,4572,0.000000000000,0,0,1,4,False,parser->m_declAttributeType = atypeCDATA;
526,2104.0,3682,4573,0.000000000000,0,0,1,4,False,goto checkAttListDeclHandler;
526,2104.0,3682,4574,0.000000000000,0,0,1,4,False,case XML_ROLE_ATTRIBUTE_TYPE_ID:
526,2104.0,3682,4575,0.000000000000,0,0,1,4,False,parser->m_declAttributeIsId = XML_TRUE;
526,2104.0,3682,4576,0.000000000000,0,0,1,4,False,parser->m_declAttributeType = atypeID;
526,2104.0,3682,4577,0.000000000000,0,0,1,4,False,goto checkAttListDeclHandler;
526,2104.0,3682,4578,0.000000000000,0,0,1,4,False,case XML_ROLE_ATTRIBUTE_TYPE_IDREF:
526,2104.0,3682,4579,0.000000000000,0,0,1,4,False,parser->m_declAttributeType = atypeIDREF;
526,2104.0,3682,4580,0.000000000000,0,0,1,4,False,goto checkAttListDeclHandler;
526,2104.0,3682,4581,0.000000000000,0,0,1,4,False,case XML_ROLE_ATTRIBUTE_TYPE_IDREFS:
526,2104.0,3682,4582,0.000000000000,0,0,1,4,False,parser->m_declAttributeType = atypeIDREFS;
526,2104.0,3682,4583,0.000000000000,0,0,1,4,False,goto checkAttListDeclHandler;
526,2104.0,3682,4584,0.000000000000,0,0,1,4,False,case XML_ROLE_ATTRIBUTE_TYPE_ENTITY:
526,2104.0,3682,4585,0.000000000000,0,0,1,4,False,parser->m_declAttributeType = atypeENTITY;
526,2104.0,3682,4586,0.000000000000,0,0,1,4,False,goto checkAttListDeclHandler;
526,2104.0,3682,4587,0.000000000000,0,0,1,4,False,case XML_ROLE_ATTRIBUTE_TYPE_ENTITIES:
526,2104.0,3682,4588,0.000000000000,0,0,1,4,False,parser->m_declAttributeType = atypeENTITIES;
526,2104.0,3682,4589,0.000000000000,0,0,1,4,False,goto checkAttListDeclHandler;
526,2104.0,3682,4590,0.000000000000,0,0,1,4,False,case XML_ROLE_ATTRIBUTE_TYPE_NMTOKEN:
526,2104.0,3682,4591,0.000000000000,0,0,1,4,False,parser->m_declAttributeType = atypeNMTOKEN;
526,2104.0,3682,4592,0.000000000000,0,0,1,4,False,goto checkAttListDeclHandler;
526,2104.0,3682,4593,0.000000000000,0,0,1,4,False,case XML_ROLE_ATTRIBUTE_TYPE_NMTOKENS:
526,2104.0,3682,4594,0.000000000000,0,0,1,4,False,parser->m_declAttributeType = atypeNMTOKENS;
526,2104.0,3682,4595,0.000000000000,0,0,1,4,False,checkAttListDeclHandler:
526,2104.0,3682,4596,0.000000000000,0,0,1,4,False,if (dtd->keepProcessing && parser->m_attlistDeclHandler)
526,2104.0,3682,4597,0.000000000000,0,0,1,4,False,handleDefault = XML_FALSE;
526,2104.0,3682,4598,0.000000000000,0,0,1,4,False,break;
526,2104.0,3682,4599,0.000000000000,0,0,1,4,False,case XML_ROLE_ATTRIBUTE_ENUM_VALUE:
526,2104.0,3682,4601,0.000000000000,0,0,1,4,False,if (dtd->keepProcessing && parser->m_attlistDeclHandler) {
526,2104.0,3682,4603,0.000000000000,0,0,1,4,False,if (parser->m_declAttributeType) {
526,2104.0,3682,4604,0.000000000000,0,0,1,4,False,prefix = enumValueSep;
526,2104.0,3682,4607,0.000000000000,0,0,1,4,False,prefix = (role == XML_ROLE_ATTRIBUTE_NOTATION_VALUE
526,2104.0,3682,4609,0.000000000000,0,0,1,4,False,: enumValueStart);
526,2104.0,3682,4611,0.000000000000,0,0,1,4,False,"if (!poolAppendString(&parser->m_tempPool, prefix))"
526,2104.0,3682,4612,0.000000000000,0,0,1,4,False,return XML_ERROR_NO_MEMORY;
526,2104.0,3682,4613,0.000000000000,0,0,1,4,False,"if (!poolAppend(&parser->m_tempPool, enc, s, next))"
526,2104.0,3682,4614,0.000000000000,0,0,1,4,False,return XML_ERROR_NO_MEMORY;
526,2104.0,3682,4615,0.000000000000,0,0,1,4,False,parser->m_declAttributeType = parser->m_tempPool.start;
526,2104.0,3682,4616,0.000000000000,0,0,1,4,False,handleDefault = XML_FALSE;
526,2104.0,3682,4618,0.000000000000,0,0,1,4,False,break;
526,2104.0,3682,4619,0.000000000000,0,0,1,4,False,case XML_ROLE_IMPLIED_ATTRIBUTE_VALUE:
526,2104.0,3682,4621,0.000000000000,0,0,1,4,False,if (dtd->keepProcessing) {
526,2104.0,3682,4622,0.000000000000,0,0,1,4,False,"if (!defineAttribute(parser->m_declElementType, parser->m_declAttributeId,"
526,2104.0,3682,4623,0.000000000000,0,0,1,4,False,"parser->m_declAttributeIsCdata, parser->m_declAttributeIsId,"
526,2104.0,3682,4625,0.000000000000,0,0,1,4,False,return XML_ERROR_NO_MEMORY;
526,2104.0,3682,4626,0.000000000000,0,0,1,4,False,if (parser->m_attlistDeclHandler && parser->m_declAttributeType) {
526,2104.0,3682,4627,0.000000000000,0,0,1,4,False,if (*parser->m_declAttributeType == XML_T(ASCII_LPAREN)
526,2104.0,3682,4628,0.000000000000,0,0,1,4,False,|| (*parser->m_declAttributeType == XML_T(ASCII_N)
526,2104.0,3682,4629,0.000000000000,0,0,1,4,False,&& parser->m_declAttributeType[1] == XML_T(ASCII_O))) {
526,2104.0,3682,4631,0.000000000000,0,0,1,4,False,"if (!poolAppendChar(&parser->m_tempPool, XML_T(ASCII_RPAREN))"
526,2104.0,3682,4632,0.000000000000,0,0,1,4,False,"|| !poolAppendChar(&parser->m_tempPool, XML_T('\0')))"
526,2104.0,3682,4633,0.000000000000,0,0,1,4,False,return XML_ERROR_NO_MEMORY;
526,2104.0,3682,4634,0.000000000000,0,0,1,4,False,parser->m_declAttributeType = parser->m_tempPool.start;
526,2104.0,3682,4635,0.000000000000,0,0,1,4,False,poolFinish(&parser->m_tempPool);
526,2104.0,3682,4637,0.000000000000,0,0,1,4,False,*eventEndPP = s;
526,2104.0,3682,4638,0.000000000000,0,0,1,4,False,"parser->m_attlistDeclHandler(parser->m_handlerArg, parser->m_declElementType->name,"
526,2104.0,3682,4639,0.000000000000,0,0,1,4,False,"parser->m_declAttributeId->name, parser->m_declAttributeType,"
526,2104.0,3682,4641,0.000000000000,0,0,1,4,False,poolClear(&parser->m_tempPool);
526,2104.0,3682,4642,0.000000000000,0,0,1,4,False,handleDefault = XML_FALSE;
526,2104.0,3682,4645,0.000000000000,0,0,1,4,False,break;
526,2104.0,3682,4646,0.000000000000,0,0,1,4,False,case XML_ROLE_DEFAULT_ATTRIBUTE_VALUE:
526,2104.0,3682,4648,0.000000000000,0,0,1,4,False,if (dtd->keepProcessing) {
526,2104.0,3682,4651,0.000000000000,0,0,1,4,False,"storeAttributeValue(parser, enc, parser->m_declAttributeIsCdata,"
526,2104.0,3682,4652,0.000000000000,0,0,1,4,False,"s + enc->minBytesPerChar,"
526,2104.0,3682,4653,0.000000000000,0,0,1,4,False,"next - enc->minBytesPerChar,"
526,2104.0,3682,4655,0.000000000000,0,0,1,4,False,if (result)
526,2104.0,3682,4656,0.000000000000,0,0,1,4,False,return result;
526,2104.0,3682,4657,0.000000000000,0,0,1,4,False,attVal = poolStart(&dtd->pool);
526,2104.0,3682,4658,0.000000000000,0,0,1,4,False,poolFinish(&dtd->pool);
526,2104.0,3682,4660,0.000000000000,0,0,1,4,False,"if (!defineAttribute(parser->m_declElementType, parser->m_declAttributeId,"
526,2104.0,3682,4661,0.000000000000,0,0,1,4,False,"parser->m_declAttributeIsCdata, XML_FALSE, attVal, parser))"
526,2104.0,3682,4662,0.000000000000,0,0,1,4,False,return XML_ERROR_NO_MEMORY;
526,2104.0,3682,4663,0.000000000000,0,0,1,4,False,if (parser->m_attlistDeclHandler && parser->m_declAttributeType) {
526,2104.0,3682,4664,0.000000000000,0,0,1,4,False,if (*parser->m_declAttributeType == XML_T(ASCII_LPAREN)
526,2104.0,3682,4665,0.000000000000,0,0,1,4,False,|| (*parser->m_declAttributeType == XML_T(ASCII_N)
526,2104.0,3682,4666,0.000000000000,0,0,1,4,False,&& parser->m_declAttributeType[1] == XML_T(ASCII_O))) {
526,2104.0,3682,4668,0.000000000000,0,0,1,4,False,"if (!poolAppendChar(&parser->m_tempPool, XML_T(ASCII_RPAREN))"
526,2104.0,3682,4669,0.000000000000,0,0,1,4,False,"|| !poolAppendChar(&parser->m_tempPool, XML_T('\0')))"
526,2104.0,3682,4670,0.000000000000,0,0,1,4,False,return XML_ERROR_NO_MEMORY;
526,2104.0,3682,4671,0.000000000000,0,0,1,4,False,parser->m_declAttributeType = parser->m_tempPool.start;
526,2104.0,3682,4672,0.000000000000,0,0,1,4,False,poolFinish(&parser->m_tempPool);
526,2104.0,3682,4674,0.000000000000,0,0,1,4,False,*eventEndPP = s;
526,2104.0,3682,4675,0.000000000000,0,0,1,4,False,"parser->m_attlistDeclHandler(parser->m_handlerArg, parser->m_declElementType->name,"
526,2104.0,3682,4676,0.000000000000,0,0,1,4,False,"parser->m_declAttributeId->name, parser->m_declAttributeType,"
526,2104.0,3682,4679,0.000000000000,0,0,1,4,False,poolClear(&parser->m_tempPool);
526,2104.0,3682,4680,0.000000000000,0,0,1,4,False,handleDefault = XML_FALSE;
526,2104.0,3682,4683,0.000000000000,0,0,1,4,False,break;
526,2104.0,3682,4684,0.000000000000,0,0,1,4,False,case XML_ROLE_ENTITY_VALUE:
526,2104.0,3682,4685,0.000000000000,0,0,1,4,False,if (dtd->keepProcessing) {
526,2104.0,3682,4686,0.000000000000,0,0,1,4,False,"enum XML_Error result = storeEntityValue(parser, enc,"
526,2104.0,3682,4687,0.000000000000,0,0,1,4,False,"s + enc->minBytesPerChar,"
526,2104.0,3682,4688,0.000000000000,0,0,1,4,False,next - enc->minBytesPerChar);
526,2104.0,3682,4689,0.000000000000,0,0,1,4,False,if (parser->m_declEntity) {
526,2104.0,3682,4690,0.000000000000,0,0,1,4,False,parser->m_declEntity->textPtr = poolStart(&dtd->entityValuePool);
526,2104.0,3682,4691,0.000000000000,0,0,1,4,False,parser->m_declEntity->textLen = (int)(poolLength(&dtd->entityValuePool));
526,2104.0,3682,4692,0.000000000000,0,0,1,4,False,poolFinish(&dtd->entityValuePool);
526,2104.0,3682,4693,0.000000000000,0,0,1,4,False,if (parser->m_entityDeclHandler) {
526,2104.0,3682,4694,0.000000000000,0,0,1,4,False,*eventEndPP = s;
526,2104.0,3682,4695,0.000000000000,0,0,1,4,False,"parser->m_entityDeclHandler(parser->m_handlerArg,"
526,2104.0,3682,4696,0.000000000000,0,0,1,4,False,"parser->m_declEntity->name,"
526,2104.0,3682,4697,0.000000000000,0,0,1,4,False,"parser->m_declEntity->is_param,"
526,2104.0,3682,4698,0.000000000000,0,0,1,4,False,"parser->m_declEntity->textPtr,"
526,2104.0,3682,4699,0.000000000000,0,0,1,4,False,"parser->m_declEntity->textLen,"
526,2104.0,3682,4701,0.000000000000,0,0,1,4,False,handleDefault = XML_FALSE;
526,2104.0,3682,4705,0.000000000000,0,0,1,4,False,poolDiscard(&dtd->entityValuePool);
526,2104.0,3682,4706,0.000000000000,0,0,1,4,False,if (result != XML_ERROR_NONE)
526,2104.0,3682,4707,0.000000000000,0,0,1,4,False,return result;
526,2104.0,3682,4709,0.000000000000,0,0,1,4,False,break;
526,2104.0,3682,4710,0.000000000000,0,0,1,4,False,case XML_ROLE_DOCTYPE_SYSTEM_ID:
526,2104.0,3682,4712,0.000000000000,0,0,1,4,False,parser->m_useForeignDTD = XML_FALSE;
526,2104.0,3682,4714,0.000000000000,0,0,1,4,False,dtd->hasParamEntityRefs = XML_TRUE;
526,2104.0,3682,4715,0.000000000000,0,0,1,4,False,if (parser->m_startDoctypeDeclHandler) {
526,2104.0,3682,4716,0.000000000000,0,0,1,4,False,"parser->m_doctypeSysid = poolStoreString(&parser->m_tempPool, enc,"
526,2104.0,3682,4717,0.000000000000,0,0,1,4,False,"s + enc->minBytesPerChar,"
526,2104.0,3682,4718,0.000000000000,0,0,1,4,False,next - enc->minBytesPerChar);
526,2104.0,3682,4719,0.000000000000,0,0,1,4,False,if (parser->m_doctypeSysid == NULL)
526,2104.0,3682,4720,0.000000000000,0,0,1,4,False,return XML_ERROR_NO_MEMORY;
526,2104.0,3682,4721,0.000000000000,0,0,1,4,False,poolFinish(&parser->m_tempPool);
526,2104.0,3682,4722,0.000000000000,0,0,1,4,False,handleDefault = XML_FALSE;
526,2104.0,3682,4728,0.000000000000,0,0,1,4,False,parser->m_doctypeSysid = externalSubsetName;
526,2104.0,3682,4730,0.000000000000,0,0,1,4,False,if (!dtd->standalone
526,2104.0,3682,4732,0.000000000000,0,0,1,4,False,&& !parser->m_paramEntityParsing
526,2104.0,3682,4734,0.000000000000,0,0,1,4,False,&& parser->m_notStandaloneHandler
526,2104.0,3682,4735,0.000000000000,0,0,1,4,False,&& !parser->m_notStandaloneHandler(parser->m_handlerArg))
526,2104.0,3682,4736,0.000000000000,0,0,1,4,False,return XML_ERROR_NOT_STANDALONE;
526,2104.0,3682,4740,0.000000000000,0,0,1,4,False,if (!parser->m_declEntity) {
526,2104.0,3682,4741,0.000000000000,0,0,1,4,False,"parser->m_declEntity = (ENTITY *)lookup(parser,"
526,2104.0,3682,4745,0.000000000000,0,0,1,4,False,if (!parser->m_declEntity)
526,2104.0,3682,4746,0.000000000000,0,0,1,4,False,return XML_ERROR_NO_MEMORY;
526,2104.0,3682,4747,0.000000000000,0,0,1,4,False,parser->m_declEntity->publicId = NULL;
526,2104.0,3682,4752,0.000000000000,0,0,1,4,False,if (dtd->keepProcessing && parser->m_declEntity) {
526,2104.0,3682,4753,0.000000000000,0,0,1,4,False,"parser->m_declEntity->systemId = poolStoreString(&dtd->pool, enc,"
526,2104.0,3682,4754,0.000000000000,0,0,1,4,False,"s + enc->minBytesPerChar,"
526,2104.0,3682,4755,0.000000000000,0,0,1,4,False,next - enc->minBytesPerChar);
526,2104.0,3682,4756,0.000000000000,0,0,1,4,False,if (!parser->m_declEntity->systemId)
526,2104.0,3682,4757,0.000000000000,0,0,1,4,False,return XML_ERROR_NO_MEMORY;
526,2104.0,3682,4758,0.000000000000,0,0,1,4,False,parser->m_declEntity->base = parser->m_curBase;
526,2104.0,3682,4759,0.000000000000,0,0,1,4,False,poolFinish(&dtd->pool);
526,2104.0,3682,4763,0.000000000000,0,0,1,4,False,if (parser->m_entityDeclHandler && role == XML_ROLE_ENTITY_SYSTEM_ID)
526,2104.0,3682,4764,0.000000000000,0,0,1,4,False,handleDefault = XML_FALSE;
526,2104.0,3682,4766,0.000000000000,0,0,1,4,False,break;
526,2104.0,3682,4767,0.000000000000,0,0,1,4,False,case XML_ROLE_ENTITY_COMPLETE:
526,2104.0,3682,4768,0.000000000000,0,0,1,4,False,if (dtd->keepProcessing && parser->m_declEntity && parser->m_entityDeclHandler) {
526,2104.0,3682,4769,0.000000000000,0,0,1,4,False,*eventEndPP = s;
526,2104.0,3682,4770,0.000000000000,0,0,1,4,False,"parser->m_entityDeclHandler(parser->m_handlerArg,"
526,2104.0,3682,4771,0.000000000000,0,0,1,4,False,"parser->m_declEntity->name,"
526,2104.0,3682,4772,0.000000000000,0,0,1,4,False,"parser->m_declEntity->is_param,"
526,2104.0,3682,4774,0.000000000000,0,0,1,4,False,"parser->m_declEntity->base,"
526,2104.0,3682,4775,0.000000000000,0,0,1,4,False,"parser->m_declEntity->systemId,"
526,2104.0,3682,4776,0.000000000000,0,0,1,4,False,"parser->m_declEntity->publicId,"
526,2104.0,3682,4778,0.000000000000,0,0,1,4,False,handleDefault = XML_FALSE;
526,2104.0,3682,4780,0.000000000000,0,0,1,4,False,break;
526,2104.0,3682,4781,0.000000000000,0,0,1,4,False,case XML_ROLE_ENTITY_NOTATION_NAME:
526,2104.0,3682,4782,0.000000000000,0,0,1,4,False,if (dtd->keepProcessing && parser->m_declEntity) {
526,2104.0,3682,4783,0.000000000000,0,0,1,4,False,"parser->m_declEntity->notation = poolStoreString(&dtd->pool, enc, s, next);"
526,2104.0,3682,4784,0.000000000000,0,0,1,4,False,if (!parser->m_declEntity->notation)
526,2104.0,3682,4785,0.000000000000,0,0,1,4,False,return XML_ERROR_NO_MEMORY;
526,2104.0,3682,4786,0.000000000000,0,0,1,4,False,poolFinish(&dtd->pool);
526,2104.0,3682,4787,0.000000000000,0,0,1,4,False,if (parser->m_unparsedEntityDeclHandler) {
526,2104.0,3682,4788,0.000000000000,0,0,1,4,False,*eventEndPP = s;
526,2104.0,3682,4789,0.000000000000,0,0,1,4,False,"parser->m_unparsedEntityDeclHandler(parser->m_handlerArg,"
526,2104.0,3682,4790,0.000000000000,0,0,1,4,False,"parser->m_declEntity->name,"
526,2104.0,3682,4791,0.000000000000,0,0,1,4,False,"parser->m_declEntity->base,"
526,2104.0,3682,4792,0.000000000000,0,0,1,4,False,"parser->m_declEntity->systemId,"
526,2104.0,3682,4793,0.000000000000,0,0,1,4,False,"parser->m_declEntity->publicId,"
526,2104.0,3682,4794,0.000000000000,0,0,1,4,False,parser->m_declEntity->notation);
526,2104.0,3682,4795,0.000000000000,0,0,1,4,False,handleDefault = XML_FALSE;
526,2104.0,3682,4797,0.000000000000,0,0,1,4,False,else if (parser->m_entityDeclHandler) {
526,2104.0,3682,4798,0.000000000000,0,0,1,4,False,*eventEndPP = s;
526,2104.0,3682,4799,0.000000000000,0,0,1,4,False,"parser->m_entityDeclHandler(parser->m_handlerArg,"
526,2104.0,3682,4800,0.000000000000,0,0,1,4,False,"parser->m_declEntity->name,"
526,2104.0,3682,4802,0.000000000000,0,0,1,4,False,"parser->m_declEntity->base,"
526,2104.0,3682,4803,0.000000000000,0,0,1,4,False,"parser->m_declEntity->systemId,"
526,2104.0,3682,4804,0.000000000000,0,0,1,4,False,"parser->m_declEntity->publicId,"
526,2104.0,3682,4805,0.000000000000,0,0,1,4,False,parser->m_declEntity->notation);
526,2104.0,3682,4806,0.000000000000,0,0,1,4,False,handleDefault = XML_FALSE;
526,2104.0,3682,4809,0.000000000000,0,0,1,4,False,break;
526,2104.0,3682,4810,0.000000000000,0,0,1,4,False,case XML_ROLE_GENERAL_ENTITY_NAME:
526,2104.0,3682,4812,0.000000000000,0,0,1,4,False,"if (XmlPredefinedEntityName(enc, s, next)) {"
526,2104.0,3682,4813,0.000000000000,0,0,1,4,False,parser->m_declEntity = NULL;
526,2104.0,3682,4814,0.000000000000,0,0,1,4,False,break;
526,2104.0,3682,4816,0.000000000000,0,0,1,4,False,if (dtd->keepProcessing) {
526,2104.0,3682,4817,0.000000000000,0,0,1,4,False,"const XML_Char *name = poolStoreString(&dtd->pool, enc, s, next);"
526,2104.0,3682,4818,0.000000000000,0,0,1,4,False,if (!name)
526,2104.0,3682,4819,0.000000000000,0,0,1,4,False,return XML_ERROR_NO_MEMORY;
526,2104.0,3682,4820,0.000000000000,0,0,1,4,False,"parser->m_declEntity = (ENTITY *)lookup(parser, &dtd->generalEntities, name,"
526,2104.0,3682,4822,0.000000000000,0,0,1,4,False,if (!parser->m_declEntity)
526,2104.0,3682,4823,0.000000000000,0,0,1,4,False,return XML_ERROR_NO_MEMORY;
526,2104.0,3682,4824,0.000000000000,0,0,1,4,False,if (parser->m_declEntity->name != name) {
526,2104.0,3682,4825,0.000000000000,0,0,1,4,False,poolDiscard(&dtd->pool);
526,2104.0,3682,4826,0.000000000000,0,0,1,4,False,parser->m_declEntity = NULL;
526,2104.0,3682,4829,0.000000000000,0,0,1,4,False,poolFinish(&dtd->pool);
526,2104.0,3682,4830,0.000000000000,0,0,1,4,False,parser->m_declEntity->publicId = NULL;
526,2104.0,3682,4831,0.000000000000,0,0,1,4,False,parser->m_declEntity->is_param = XML_FALSE;
526,2104.0,3682,4835,0.000000000000,0,0,1,4,False,parser->m_declEntity->is_internal = !(parser->m_parentParser || parser->m_openInternalEntities);
526,2104.0,3682,4836,0.000000000000,0,0,1,4,False,if (parser->m_entityDeclHandler)
526,2104.0,3682,4837,0.000000000000,0,0,1,4,False,handleDefault = XML_FALSE;
526,2104.0,3682,4841,0.000000000000,0,0,1,4,False,poolDiscard(&dtd->pool);
526,2104.0,3682,4842,0.000000000000,0,0,1,4,False,parser->m_declEntity = NULL;
526,2104.0,3682,4845,0.000000000000,0,0,1,4,False,break;
526,2104.0,3682,4846,0.000000000000,0,0,1,4,False,case XML_ROLE_PARAM_ENTITY_NAME:
526,2104.0,3682,4848,0.000000000000,0,0,1,4,False,if (dtd->keepProcessing) {
526,2104.0,3682,4849,0.000000000000,0,0,1,4,False,"const XML_Char *name = poolStoreString(&dtd->pool, enc, s, next);"
526,2104.0,3682,4850,0.000000000000,0,0,1,4,False,if (!name)
526,2104.0,3682,4851,0.000000000000,0,0,1,4,False,return XML_ERROR_NO_MEMORY;
526,2104.0,3682,4852,0.000000000000,0,0,1,4,False,"parser->m_declEntity = (ENTITY *)lookup(parser, &dtd->paramEntities,"
526,2104.0,3682,4854,0.000000000000,0,0,1,4,False,if (!parser->m_declEntity)
526,2104.0,3682,4855,0.000000000000,0,0,1,4,False,return XML_ERROR_NO_MEMORY;
526,2104.0,3682,4856,0.000000000000,0,0,1,4,False,if (parser->m_declEntity->name != name) {
526,2104.0,3682,4857,0.000000000000,0,0,1,4,False,poolDiscard(&dtd->pool);
526,2104.0,3682,4858,0.000000000000,0,0,1,4,False,parser->m_declEntity = NULL;
526,2104.0,3682,4861,0.000000000000,0,0,1,4,False,poolFinish(&dtd->pool);
526,2104.0,3682,4862,0.000000000000,0,0,1,4,False,parser->m_declEntity->publicId = NULL;
526,2104.0,3682,4863,0.000000000000,0,0,1,4,False,parser->m_declEntity->is_param = XML_TRUE;
526,2104.0,3682,4867,0.000000000000,0,0,1,4,False,parser->m_declEntity->is_internal = !(parser->m_parentParser || parser->m_openInternalEntities);
526,2104.0,3682,4868,0.000000000000,0,0,1,4,False,if (parser->m_entityDeclHandler)
526,2104.0,3682,4869,0.000000000000,0,0,1,4,False,handleDefault = XML_FALSE;
526,2104.0,3682,4873,0.000000000000,0,0,1,4,False,poolDiscard(&dtd->pool);
526,2104.0,3682,4874,0.000000000000,0,0,1,4,False,parser->m_declEntity = NULL;
526,2104.0,3682,4879,0.000000000000,0,0,1,4,False,break;
526,2104.0,3682,4880,0.000000000000,0,0,1,4,False,case XML_ROLE_NOTATION_NAME:
526,2104.0,3682,4881,0.000000000000,0,0,1,4,False,parser->m_declNotationPublicId = NULL;
526,2104.0,3682,4882,0.000000000000,0,0,1,4,False,parser->m_declNotationName = NULL;
526,2104.0,3682,4883,0.000000000000,0,0,1,4,False,if (parser->m_notationDeclHandler) {
526,2104.0,3682,4884,0.000000000000,0,0,1,4,False,"parser->m_declNotationName = poolStoreString(&parser->m_tempPool, enc, s, next);"
526,2104.0,3682,4885,0.000000000000,0,0,1,4,False,if (!parser->m_declNotationName)
526,2104.0,3682,4886,0.000000000000,0,0,1,4,False,return XML_ERROR_NO_MEMORY;
526,2104.0,3682,4887,0.000000000000,0,0,1,4,False,poolFinish(&parser->m_tempPool);
526,2104.0,3682,4888,0.000000000000,0,0,1,4,False,handleDefault = XML_FALSE;
526,2104.0,3682,4890,0.000000000000,0,0,1,4,False,break;
526,2104.0,3682,4891,0.000000000000,0,0,1,4,False,case XML_ROLE_NOTATION_PUBLIC_ID:
526,2104.0,3682,4892,0.000000000000,0,0,1,4,False,"if (!XmlIsPublicId(enc, s, next, eventPP))"
526,2104.0,3682,4893,0.000000000000,0,0,1,4,False,return XML_ERROR_PUBLICID;
526,2104.0,3682,4894,0.000000000000,0,0,1,4,False,if (parser->m_declNotationName) {  /* means m_notationDeclHandler != NULL */
526,2104.0,3682,4895,0.000000000000,0,0,1,4,False,"XML_Char *tem = poolStoreString(&parser->m_tempPool,"
526,2104.0,3682,4897,0.000000000000,0,0,1,4,False,"s + enc->minBytesPerChar,"
526,2104.0,3682,4898,0.000000000000,0,0,1,4,False,next - enc->minBytesPerChar);
526,2104.0,3682,4899,0.000000000000,0,0,1,4,False,if (!tem)
526,2104.0,3682,4900,0.000000000000,0,0,1,4,False,return XML_ERROR_NO_MEMORY;
526,2104.0,3682,4901,0.000000000000,0,0,1,4,False,normalizePublicId(tem);
526,2104.0,3682,4902,0.000000000000,0,0,1,4,False,parser->m_declNotationPublicId = tem;
526,2104.0,3682,4903,0.000000000000,0,0,1,4,False,poolFinish(&parser->m_tempPool);
526,2104.0,3682,4904,0.000000000000,0,0,1,4,False,handleDefault = XML_FALSE;
526,2104.0,3682,4906,0.000000000000,0,0,1,4,False,break;
526,2104.0,3682,4907,0.000000000000,0,0,1,4,False,case XML_ROLE_NOTATION_SYSTEM_ID:
526,2104.0,3682,4908,0.000000000000,0,0,1,4,False,if (parser->m_declNotationName && parser->m_notationDeclHandler) {
526,2104.0,3682,4910,0.000000000000,0,0,1,4,False,"= poolStoreString(&parser->m_tempPool, enc,"
526,2104.0,3682,4911,0.000000000000,0,0,1,4,False,"s + enc->minBytesPerChar,"
526,2104.0,3682,4912,0.000000000000,0,0,1,4,False,next - enc->minBytesPerChar);
526,2104.0,3682,4913,0.000000000000,0,0,1,4,False,if (!systemId)
526,2104.0,3682,4914,0.000000000000,0,0,1,4,False,return XML_ERROR_NO_MEMORY;
526,2104.0,3682,4915,0.000000000000,0,0,1,4,False,*eventEndPP = s;
526,2104.0,3682,4916,0.000000000000,0,0,1,4,False,"parser->m_notationDeclHandler(parser->m_handlerArg,"
526,2104.0,3682,4921,0.000000000000,0,0,1,4,False,handleDefault = XML_FALSE;
526,2104.0,3682,4923,0.000000000000,0,0,1,4,False,poolClear(&parser->m_tempPool);
526,2104.0,3682,4924,0.000000000000,0,0,1,4,False,break;
526,2104.0,3682,4925,0.000000000000,0,0,1,4,False,case XML_ROLE_NOTATION_NO_SYSTEM_ID:
526,2104.0,3682,4926,0.000000000000,0,0,1,4,False,if (parser->m_declNotationPublicId && parser->m_notationDeclHandler) {
526,2104.0,3682,4927,0.000000000000,0,0,1,4,False,*eventEndPP = s;
526,2104.0,3682,4928,0.000000000000,0,0,1,4,False,"parser->m_notationDeclHandler(parser->m_handlerArg,"
526,2104.0,3682,4933,0.000000000000,0,0,1,4,False,handleDefault = XML_FALSE;
526,2104.0,3682,4935,0.000000000000,0,0,1,4,False,poolClear(&parser->m_tempPool);
526,2104.0,3682,4936,0.000000000000,0,0,1,4,False,break;
526,2104.0,3682,4937,0.000000000000,0,0,1,4,False,case XML_ROLE_ERROR:
526,2104.0,3682,4938,0.000000000000,0,0,1,4,False,switch (tok) {
526,2104.0,3682,4939,0.000000000000,0,0,1,4,False,case XML_TOK_PARAM_ENTITY_REF:
526,2104.0,3682,4942,0.000000000000,0,0,1,4,False,return XML_ERROR_PARAM_ENTITY_REF;
526,2104.0,3682,4943,0.000000000000,0,0,1,4,False,case XML_TOK_XML_DECL:
526,2104.0,3682,4944,0.000000000000,0,0,1,4,False,return XML_ERROR_MISPLACED_XML_PI;
526,2104.0,3682,4945,0.000000000000,0,0,1,4,False,default:
526,2104.0,3682,4946,0.000000000000,0,0,1,4,False,return XML_ERROR_SYNTAX;
526,2104.0,3682,4949,0.000000000000,0,0,1,4,False,case XML_ROLE_IGNORE_SECT:
526,2104.0,3682,4952,0.000000000000,0,0,1,4,False,if (parser->m_defaultHandler)
526,2104.0,3682,4953,0.000000000000,0,0,1,4,False,"reportDefault(parser, enc, s, next);"
526,2104.0,3682,4954,0.000000000000,0,0,1,4,False,handleDefault = XML_FALSE;
526,2104.0,3682,4955,0.000000000000,0,0,1,4,False,"result = doIgnoreSection(parser, enc, &next, end, nextPtr, haveMore);"
526,2104.0,3682,4956,0.000000000000,0,0,1,4,False,if (result != XML_ERROR_NONE)
526,2104.0,3682,4957,0.000000000000,0,0,1,4,False,return result;
526,2104.0,3682,4958,0.000000000000,0,0,1,4,False,else if (!next) {
526,2104.0,3682,4959,0.000000000000,0,0,1,4,False,parser->m_processor = ignoreSectionProcessor;
526,2104.0,3682,4960,0.000000000000,0,0,1,4,False,return result;
526,2104.0,3682,4963,0.000000000000,0,0,1,4,False,break;
526,2104.0,3682,4965,0.000000000000,0,0,1,4,False,case XML_ROLE_GROUP_OPEN:
526,2104.0,3682,4966,0.000000000000,0,0,1,4,False,if (parser->m_prologState.level >= parser->m_groupSize) {
526,2104.0,3682,4967,0.000000000000,0,0,1,4,False,if (parser->m_groupSize) {
526,2104.0,3682,4968,0.000000000000,0,0,1,4,False,"char *temp = (char *)REALLOC(parser, parser->m_groupConnector, parser->m_groupSize *= 2);"
526,2104.0,3682,4969,0.000000000000,0,0,1,4,False,if (temp == NULL) {
526,2104.0,3682,4970,0.000000000000,0,0,1,4,False,parser->m_groupSize /= 2;
526,2104.0,3682,4971,0.000000000000,0,0,1,4,False,return XML_ERROR_NO_MEMORY;
526,2104.0,3682,4973,0.000000000000,0,0,1,4,False,parser->m_groupConnector = temp;
526,2104.0,3682,4974,0.000000000000,0,0,1,4,False,if (dtd->scaffIndex) {
526,2104.0,3682,4975,0.000000000000,0,0,1,4,False,"int *temp = (int *)REALLOC(parser, dtd->scaffIndex,"
526,2104.0,3682,4977,0.000000000000,0,0,1,4,False,if (temp == NULL)
526,2104.0,3682,4978,0.000000000000,0,0,1,4,False,return XML_ERROR_NO_MEMORY;
526,2104.0,3682,4979,0.000000000000,0,0,1,4,False,dtd->scaffIndex = temp;
526,2104.0,3682,4983,0.000000000000,0,0,1,4,False,"parser->m_groupConnector = (char *)MALLOC(parser, parser->m_groupSize = 32);"
526,2104.0,3682,4984,0.000000000000,0,0,1,4,False,if (!parser->m_groupConnector) {
526,2104.0,3682,4985,0.000000000000,0,0,1,4,False,parser->m_groupSize = 0;
526,2104.0,3682,4986,0.000000000000,0,0,1,4,False,return XML_ERROR_NO_MEMORY;
526,2104.0,3682,4990,0.000000000000,0,0,1,4,False,parser->m_groupConnector[parser->m_prologState.level] = 0;
526,2104.0,3682,4991,0.000000000000,0,0,1,4,False,if (dtd->in_eldecl) {
526,2104.0,3682,4992,0.000000000000,0,0,1,4,False,int myindex = nextScaffoldPart(parser);
526,2104.0,3682,4993,0.000000000000,0,0,1,4,False,if (myindex < 0)
526,2104.0,3682,4994,0.000000000000,0,0,1,4,False,return XML_ERROR_NO_MEMORY;
526,2104.0,3682,4995,0.000000000000,0,0,1,4,False,dtd->scaffIndex[dtd->scaffLevel] = myindex;
526,2104.0,3682,4996,0.000000000000,0,0,1,4,False,dtd->scaffLevel++;
526,2104.0,3682,4997,0.000000000000,0,0,1,4,False,dtd->scaffold[myindex].type = XML_CTYPE_SEQ;
526,2104.0,3682,4998,0.000000000000,0,0,1,4,False,if (parser->m_elementDeclHandler)
526,2104.0,3682,4999,0.000000000000,0,0,1,4,False,handleDefault = XML_FALSE;
526,2104.0,3682,5001,0.000000000000,0,0,1,4,False,break;
526,2104.0,3682,5002,0.000000000000,0,0,1,4,False,case XML_ROLE_GROUP_SEQUENCE:
526,2104.0,3682,5003,0.000000000000,0,0,1,4,False,if (parser->m_groupConnector[parser->m_prologState.level] == ASCII_PIPE)
526,2104.0,3682,5004,0.000000000000,0,0,1,4,False,return XML_ERROR_SYNTAX;
526,2104.0,3682,5005,0.000000000000,0,0,1,4,False,parser->m_groupConnector[parser->m_prologState.level] = ASCII_COMMA;
526,2104.0,3682,5006,0.000000000000,0,0,1,4,False,if (dtd->in_eldecl && parser->m_elementDeclHandler)
526,2104.0,3682,5007,0.000000000000,0,0,1,4,False,handleDefault = XML_FALSE;
526,2104.0,3682,5008,0.000000000000,0,0,1,4,False,break;
526,2104.0,3682,5009,0.000000000000,0,0,1,4,False,case XML_ROLE_GROUP_CHOICE:
526,2104.0,3682,5010,0.000000000000,0,0,1,4,False,if (parser->m_groupConnector[parser->m_prologState.level] == ASCII_COMMA)
526,2104.0,3682,5011,0.000000000000,0,0,1,4,False,return XML_ERROR_SYNTAX;
526,2104.0,3682,5012,0.000000000000,0,0,1,4,False,if (dtd->in_eldecl
526,2104.0,3682,5013,0.000000000000,0,0,1,4,False,&& !parser->m_groupConnector[parser->m_prologState.level]
526,2104.0,3682,5014,0.000000000000,0,0,1,4,False,&& (dtd->scaffold[dtd->scaffIndex[dtd->scaffLevel - 1]].type
526,2104.0,3682,5017,0.000000000000,0,0,1,4,False,dtd->scaffold[dtd->scaffIndex[dtd->scaffLevel - 1]].type
526,2104.0,3682,5018,0.000000000000,0,0,1,4,False,= XML_CTYPE_CHOICE;
526,2104.0,3682,5019,0.000000000000,0,0,1,4,False,if (parser->m_elementDeclHandler)
526,2104.0,3682,5020,0.000000000000,0,0,1,4,False,handleDefault = XML_FALSE;
526,2104.0,3682,5022,0.000000000000,0,0,1,4,False,parser->m_groupConnector[parser->m_prologState.level] = ASCII_PIPE;
526,2104.0,3682,5023,0.000000000000,0,0,1,4,False,break;
526,2104.0,3682,5024,0.000000000000,0,0,1,4,False,case XML_ROLE_PARAM_ENTITY_REF:
526,2104.0,3682,5027,0.000000000000,0,0,1,4,False,dtd->hasParamEntityRefs = XML_TRUE;
526,2104.0,3682,5028,0.000000000000,0,0,1,4,False,if (!parser->m_paramEntityParsing)
526,2104.0,3682,5029,0.000000000000,0,0,1,4,False,dtd->keepProcessing = dtd->standalone;
526,2104.0,3682,5033,0.000000000000,0,0,1,4,False,"name = poolStoreString(&dtd->pool, enc,"
526,2104.0,3682,5034,0.000000000000,0,0,1,4,False,"s + enc->minBytesPerChar,"
526,2104.0,3682,5035,0.000000000000,0,0,1,4,False,next - enc->minBytesPerChar);
526,2104.0,3682,5036,0.000000000000,0,0,1,4,False,if (!name)
526,2104.0,3682,5037,0.000000000000,0,0,1,4,False,return XML_ERROR_NO_MEMORY;
526,2104.0,3682,5038,0.000000000000,0,0,1,4,False,"entity = (ENTITY *)lookup(parser, &dtd->paramEntities, name, 0);"
526,2104.0,3682,5039,0.000000000000,0,0,1,4,False,poolDiscard(&dtd->pool);
526,2104.0,3682,5044,0.000000000000,0,0,1,4,False,if (parser->m_prologState.documentEntity &&
526,2104.0,3682,5045,0.000000000000,0,0,1,4,False,(dtd->standalone
526,2104.0,3682,5046,0.000000000000,0,0,1,4,False,? !parser->m_openInternalEntities
526,2104.0,3682,5047,0.000000000000,0,0,1,4,False,: !dtd->hasParamEntityRefs)) {
526,2104.0,3682,5048,0.000000000000,0,0,1,4,False,if (!entity)
526,2104.0,3682,5049,0.000000000000,0,0,1,4,False,return XML_ERROR_UNDEFINED_ENTITY;
526,2104.0,3682,5050,0.000000000000,0,0,1,4,False,else if (!entity->is_internal) {
526,2104.0,3682,5071,0.000000000000,0,0,1,4,False,return XML_ERROR_ENTITY_DECLARED_IN_PE; /* LCOV_EXCL_LINE */
526,2104.0,3682,5074,0.000000000000,0,0,1,4,False,else if (!entity) {
526,2104.0,3682,5075,0.000000000000,0,0,1,4,False,dtd->keepProcessing = dtd->standalone;
526,2104.0,3682,5077,0.000000000000,0,0,1,4,False,if ((role == XML_ROLE_PARAM_ENTITY_REF) && parser->m_skippedEntityHandler) {
526,2104.0,3682,5078,0.000000000000,0,0,1,4,False,"parser->m_skippedEntityHandler(parser->m_handlerArg, name, 1);"
526,2104.0,3682,5079,0.000000000000,0,0,1,4,False,handleDefault = XML_FALSE;
526,2104.0,3682,5081,0.000000000000,0,0,1,4,False,break;
526,2104.0,3682,5083,0.000000000000,0,0,1,4,False,if (entity->open)
526,2104.0,3682,5084,0.000000000000,0,0,1,4,False,return XML_ERROR_RECURSIVE_ENTITY_REF;
526,2104.0,3682,5085,0.000000000000,0,0,1,4,False,if (entity->textPtr) {
526,2104.0,3682,5087,0.000000000000,0,0,1,4,False,XML_Bool betweenDecl =
526,2104.0,3682,5088,0.000000000000,0,0,1,4,False,(role == XML_ROLE_PARAM_ENTITY_REF ? XML_TRUE : XML_FALSE);
526,2104.0,3682,5089,0.000000000000,0,0,1,4,False,"result = processInternalEntity(parser, entity, betweenDecl);"
526,2104.0,3682,5090,0.000000000000,0,0,1,4,False,if (result != XML_ERROR_NONE)
526,2104.0,3682,5091,0.000000000000,0,0,1,4,False,return result;
526,2104.0,3682,5092,0.000000000000,0,0,1,4,False,handleDefault = XML_FALSE;
526,2104.0,3682,5093,0.000000000000,0,0,1,4,False,break;
526,2104.0,3682,5095,0.000000000000,0,0,1,4,False,if (parser->m_externalEntityRefHandler) {
526,2104.0,3682,5096,0.000000000000,0,0,1,4,False,dtd->paramEntityRead = XML_FALSE;
526,2104.0,3682,5097,0.000000000000,0,0,1,4,False,entity->open = XML_TRUE;
526,2104.0,3682,5098,0.000000000000,0,0,1,4,False,"if (!parser->m_externalEntityRefHandler(parser->m_externalEntityRefHandlerArg,"
526,2104.0,3682,5103,0.000000000000,0,0,1,4,False,entity->open = XML_FALSE;
526,2104.0,3682,5104,0.000000000000,0,0,1,4,False,return XML_ERROR_EXTERNAL_ENTITY_HANDLING;
526,2104.0,3682,5106,0.000000000000,0,0,1,4,False,entity->open = XML_FALSE;
526,2104.0,3682,5107,0.000000000000,0,0,1,4,False,handleDefault = XML_FALSE;
526,2104.0,3682,5108,0.000000000000,0,0,1,4,False,if (!dtd->paramEntityRead) {
526,2104.0,3682,5109,0.000000000000,0,0,1,4,False,dtd->keepProcessing = dtd->standalone;
526,2104.0,3682,5110,0.000000000000,0,0,1,4,False,break;
526,2104.0,3682,5114,0.000000000000,0,0,1,4,False,dtd->keepProcessing = dtd->standalone;
526,2104.0,3682,5115,0.000000000000,0,0,1,4,False,break;
526,2104.0,3682,5119,0.000000000000,0,0,1,4,False,if (!dtd->standalone &&
526,2104.0,3682,5120,0.000000000000,0,0,1,4,False,parser->m_notStandaloneHandler &&
526,2104.0,3682,5121,0.000000000000,0,0,1,4,False,!parser->m_notStandaloneHandler(parser->m_handlerArg))
526,2104.0,3682,5122,0.000000000000,0,0,1,4,False,return XML_ERROR_NOT_STANDALONE;
526,2104.0,3682,5123,0.000000000000,0,0,1,4,False,break;
526,2104.0,3682,5127,0.000000000000,0,0,1,4,False,case XML_ROLE_ELEMENT_NAME:
526,2104.0,3682,5128,0.000000000000,0,0,1,4,False,if (parser->m_elementDeclHandler) {
526,2104.0,3682,5129,0.000000000000,0,0,1,4,False,"parser->m_declElementType = getElementType(parser, enc, s, next);"
526,2104.0,3682,5130,0.000000000000,0,0,1,4,False,if (!parser->m_declElementType)
526,2104.0,3682,5131,0.000000000000,0,0,1,4,False,return XML_ERROR_NO_MEMORY;
526,2104.0,3682,5132,0.000000000000,0,0,1,4,False,dtd->scaffLevel = 0;
526,2104.0,3682,5133,0.000000000000,0,0,1,4,False,dtd->scaffCount = 0;
526,2104.0,3682,5134,0.000000000000,0,0,1,4,False,dtd->in_eldecl = XML_TRUE;
526,2104.0,3682,5135,0.000000000000,0,0,1,4,False,handleDefault = XML_FALSE;
526,2104.0,3682,5137,0.000000000000,0,0,1,4,False,break;
526,2104.0,3682,5139,0.000000000000,0,0,1,4,False,case XML_ROLE_CONTENT_ANY:
526,2104.0,3682,5141,0.000000000000,0,0,1,4,False,if (dtd->in_eldecl) {
526,2104.0,3682,5142,0.000000000000,0,0,1,4,False,if (parser->m_elementDeclHandler) {
526,2104.0,3682,5143,0.000000000000,0,0,1,4,False,"XML_Content * content = (XML_Content *) MALLOC(parser, sizeof(XML_Content));"
526,2104.0,3682,5144,0.000000000000,0,0,1,4,False,if (!content)
526,2104.0,3682,5145,0.000000000000,0,0,1,4,False,return XML_ERROR_NO_MEMORY;
526,2104.0,3682,5146,0.000000000000,0,0,1,4,False,content->quant = XML_CQUANT_NONE;
526,2104.0,3682,5147,0.000000000000,0,0,1,4,False,content->name = NULL;
526,2104.0,3682,5148,0.000000000000,0,0,1,4,False,content->numchildren = 0;
526,2104.0,3682,5149,0.000000000000,0,0,1,4,False,content->children = NULL;
526,2104.0,3682,5150,0.000000000000,0,0,1,4,False,content->type = ((role == XML_ROLE_CONTENT_ANY) ?
526,2104.0,3682,5151,0.000000000000,0,0,1,4,False,XML_CTYPE_ANY :
526,2104.0,3682,5153,0.000000000000,0,0,1,4,False,*eventEndPP = s;
526,2104.0,3682,5154,0.000000000000,0,0,1,4,False,"parser->m_elementDeclHandler(parser->m_handlerArg, parser->m_declElementType->name, content);"
526,2104.0,3682,5155,0.000000000000,0,0,1,4,False,handleDefault = XML_FALSE;
526,2104.0,3682,5157,0.000000000000,0,0,1,4,False,dtd->in_eldecl = XML_FALSE;
526,2104.0,3682,5159,0.000000000000,0,0,1,4,False,break;
526,2104.0,3682,5161,0.000000000000,0,0,1,4,False,case XML_ROLE_CONTENT_PCDATA:
526,2104.0,3682,5162,0.000000000000,0,0,1,4,False,if (dtd->in_eldecl) {
526,2104.0,3682,5163,0.000000000000,0,0,1,4,False,dtd->scaffold[dtd->scaffIndex[dtd->scaffLevel - 1]].type
526,2104.0,3682,5164,0.000000000000,0,0,1,4,False,= XML_CTYPE_MIXED;
526,2104.0,3682,5165,0.000000000000,0,0,1,4,False,if (parser->m_elementDeclHandler)
526,2104.0,3682,5166,0.000000000000,0,0,1,4,False,handleDefault = XML_FALSE;
526,2104.0,3682,5168,0.000000000000,0,0,1,4,False,break;
526,2104.0,3682,5170,0.000000000000,0,0,1,4,False,case XML_ROLE_CONTENT_ELEMENT:
526,2104.0,3682,5171,0.000000000000,0,0,1,4,False,quant = XML_CQUANT_NONE;
526,2104.0,3682,5172,0.000000000000,0,0,1,4,False,goto elementContent;
526,2104.0,3682,5173,0.000000000000,0,0,1,4,False,case XML_ROLE_CONTENT_ELEMENT_OPT:
526,2104.0,3682,5174,0.000000000000,0,0,1,4,False,quant = XML_CQUANT_OPT;
526,2104.0,3682,5175,0.000000000000,0,0,1,4,False,goto elementContent;
526,2104.0,3682,5176,0.000000000000,0,0,1,4,False,case XML_ROLE_CONTENT_ELEMENT_REP:
526,2104.0,3682,5177,0.000000000000,0,0,1,4,False,quant = XML_CQUANT_REP;
526,2104.0,3682,5178,0.000000000000,0,0,1,4,False,goto elementContent;
526,2104.0,3682,5179,0.000000000000,0,0,1,4,False,case XML_ROLE_CONTENT_ELEMENT_PLUS:
526,2104.0,3682,5180,0.000000000000,0,0,1,4,False,quant = XML_CQUANT_PLUS;
526,2104.0,3682,5181,0.000000000000,0,0,1,4,False,elementContent:
526,2104.0,3682,5182,0.000000000000,0,0,1,4,False,if (dtd->in_eldecl) {
526,2104.0,3682,5186,0.000000000000,0,0,1,4,False,const char *nxt = (quant == XML_CQUANT_NONE
526,2104.0,3682,5188,0.000000000000,0,0,1,4,False,: next - enc->minBytesPerChar);
526,2104.0,3682,5189,0.000000000000,0,0,1,4,False,int myindex = nextScaffoldPart(parser);
526,2104.0,3682,5190,0.000000000000,0,0,1,4,False,if (myindex < 0)
526,2104.0,3682,5191,0.000000000000,0,0,1,4,False,return XML_ERROR_NO_MEMORY;
526,2104.0,3682,5192,0.000000000000,0,0,1,4,False,dtd->scaffold[myindex].type = XML_CTYPE_NAME;
526,2104.0,3682,5193,0.000000000000,0,0,1,4,False,dtd->scaffold[myindex].quant = quant;
526,2104.0,3682,5194,0.000000000000,0,0,1,4,False,"el = getElementType(parser, enc, s, nxt);"
526,2104.0,3682,5195,0.000000000000,0,0,1,4,False,if (!el)
526,2104.0,3682,5196,0.000000000000,0,0,1,4,False,return XML_ERROR_NO_MEMORY;
526,2104.0,3682,5197,0.000000000000,0,0,1,4,False,name = el->name;
526,2104.0,3682,5198,0.000000000000,0,0,1,4,False,dtd->scaffold[myindex].name = name;
526,2104.0,3682,5199,0.000000000000,0,0,1,4,False,nameLen = 0;
526,2104.0,3682,5200,0.000000000000,0,0,1,4,False,for (; name[nameLen++]; );
526,2104.0,3682,5201,0.000000000000,0,0,1,4,False,dtd->contentStringLen +=  nameLen;
526,2104.0,3682,5202,0.000000000000,0,0,1,4,False,if (parser->m_elementDeclHandler)
526,2104.0,3682,5203,0.000000000000,0,0,1,4,False,handleDefault = XML_FALSE;
526,2104.0,3682,5205,0.000000000000,0,0,1,4,False,break;
526,2104.0,3682,5207,0.000000000000,0,0,1,4,False,case XML_ROLE_GROUP_CLOSE:
526,2104.0,3682,5208,0.000000000000,0,0,1,4,False,quant = XML_CQUANT_NONE;
526,2104.0,3682,5209,0.000000000000,0,0,1,4,False,goto closeGroup;
526,2104.0,3682,5210,0.000000000000,0,0,1,4,False,case XML_ROLE_GROUP_CLOSE_OPT:
526,2104.0,3682,5211,0.000000000000,0,0,1,4,False,quant = XML_CQUANT_OPT;
526,2104.0,3682,5212,0.000000000000,0,0,1,4,False,goto closeGroup;
526,2104.0,3682,5213,0.000000000000,0,0,1,4,False,case XML_ROLE_GROUP_CLOSE_REP:
526,2104.0,3682,5214,0.000000000000,0,0,1,4,False,quant = XML_CQUANT_REP;
526,2104.0,3682,5215,0.000000000000,0,0,1,4,False,goto closeGroup;
526,2104.0,3682,5216,0.000000000000,0,0,1,4,False,case XML_ROLE_GROUP_CLOSE_PLUS:
526,2104.0,3682,5217,0.000000000000,0,0,1,4,False,quant = XML_CQUANT_PLUS;
526,2104.0,3682,5218,0.000000000000,0,0,1,4,False,closeGroup:
526,2104.0,3682,5219,0.000000000000,0,0,1,4,False,if (dtd->in_eldecl) {
526,2104.0,3682,5220,0.000000000000,0,0,1,4,False,if (parser->m_elementDeclHandler)
526,2104.0,3682,5221,0.000000000000,0,0,1,4,False,handleDefault = XML_FALSE;
526,2104.0,3682,5222,0.000000000000,0,0,1,4,False,dtd->scaffLevel--;
526,2104.0,3682,5223,0.000000000000,0,0,1,4,False,dtd->scaffold[dtd->scaffIndex[dtd->scaffLevel]].quant = quant;
526,2104.0,3682,5224,0.000000000000,0,0,1,4,False,if (dtd->scaffLevel == 0) {
526,2104.0,3682,5225,0.000000000000,0,0,1,4,False,if (!handleDefault) {
526,2104.0,3682,5226,0.000000000000,0,0,1,4,False,XML_Content *model = build_model(parser);
526,2104.0,3682,5227,0.000000000000,0,0,1,4,False,if (!model)
526,2104.0,3682,5228,0.000000000000,0,0,1,4,False,return XML_ERROR_NO_MEMORY;
526,2104.0,3682,5229,0.000000000000,0,0,1,4,False,*eventEndPP = s;
526,2104.0,3682,5230,0.000000000000,0,0,1,4,False,"parser->m_elementDeclHandler(parser->m_handlerArg, parser->m_declElementType->name, model);"
526,2104.0,3682,5232,0.000000000000,0,0,1,4,False,dtd->in_eldecl = XML_FALSE;
526,2104.0,3682,5233,0.000000000000,0,0,1,4,False,dtd->contentStringLen = 0;
526,2104.0,3682,5236,0.000000000000,0,0,1,4,False,break;
526,2104.0,3682,5239,0.000000000000,0,0,1,4,False,case XML_ROLE_PI:
526,2104.0,3682,5240,0.000000000000,0,0,1,4,False,"if (!reportProcessingInstruction(parser, enc, s, next))"
526,2104.0,3682,5241,0.000000000000,0,0,1,4,False,return XML_ERROR_NO_MEMORY;
526,2104.0,3682,5242,0.000000000000,0,0,1,4,False,handleDefault = XML_FALSE;
526,2104.0,3682,5243,0.000000000000,0,0,1,4,False,break;
526,2104.0,3682,5244,0.000000000000,0,0,1,4,False,case XML_ROLE_COMMENT:
526,2104.0,3682,5245,0.000000000000,0,0,1,4,False,"if (!reportComment(parser, enc, s, next))"
526,2104.0,3682,5246,0.000000000000,0,0,1,4,False,return XML_ERROR_NO_MEMORY;
526,2104.0,3682,5247,0.000000000000,0,0,1,4,False,handleDefault = XML_FALSE;
526,2104.0,3682,5248,0.000000000000,0,0,1,4,False,break;
526,2104.0,3682,5249,0.000000000000,0,0,1,4,False,case XML_ROLE_NONE:
526,2104.0,3682,5250,0.000000000000,0,0,1,4,False,switch (tok) {
526,2104.0,3682,5251,0.000000000000,0,0,1,4,False,case XML_TOK_BOM:
526,2104.0,3682,5252,0.000000000000,0,0,1,4,False,handleDefault = XML_FALSE;
526,2104.0,3682,5253,0.000000000000,0,0,1,4,False,break;
526,2104.0,3682,5255,0.000000000000,0,0,1,4,False,break;
526,2104.0,3682,5256,0.000000000000,0,0,1,4,False,case XML_ROLE_DOCTYPE_NONE:
526,2104.0,3682,5257,0.000000000000,0,0,1,4,False,if (parser->m_startDoctypeDeclHandler)
526,2104.0,3682,5258,0.000000000000,0,0,1,4,False,handleDefault = XML_FALSE;
526,2104.0,3682,5259,0.000000000000,0,0,1,4,False,break;
526,2104.0,3682,5260,0.000000000000,0,0,1,4,False,case XML_ROLE_ENTITY_NONE:
526,2104.0,3682,5261,0.000000000000,0,0,1,4,False,if (dtd->keepProcessing && parser->m_entityDeclHandler)
526,2104.0,3682,5262,0.000000000000,0,0,1,4,False,handleDefault = XML_FALSE;
526,2104.0,3682,5263,0.000000000000,0,0,1,4,False,break;
526,2104.0,3682,5264,0.000000000000,0,0,1,4,False,case XML_ROLE_NOTATION_NONE:
526,2104.0,3682,5265,0.000000000000,0,0,1,4,False,if (parser->m_notationDeclHandler)
526,2104.0,3682,5266,0.000000000000,0,0,1,4,False,handleDefault = XML_FALSE;
526,2104.0,3682,5267,0.000000000000,0,0,1,4,False,break;
526,2104.0,3682,5268,0.000000000000,0,0,1,4,False,case XML_ROLE_ATTLIST_NONE:
526,2104.0,3682,5269,0.000000000000,0,0,1,4,False,if (dtd->keepProcessing && parser->m_attlistDeclHandler)
526,2104.0,3682,5270,0.000000000000,0,0,1,4,False,handleDefault = XML_FALSE;
526,2104.0,3682,5271,0.000000000000,0,0,1,4,False,break;
526,2104.0,3682,5272,0.000000000000,0,0,1,4,False,case XML_ROLE_ELEMENT_NONE:
526,2104.0,3682,5273,0.000000000000,0,0,1,4,False,if (parser->m_elementDeclHandler)
526,2104.0,3682,5274,0.000000000000,0,0,1,4,False,handleDefault = XML_FALSE;
526,2104.0,3682,5275,0.000000000000,0,0,1,4,False,break;
526,2104.0,3682,5278,0.000000000000,0,0,1,4,False,if (handleDefault && parser->m_defaultHandler)
526,2104.0,3682,5279,0.000000000000,0,0,1,4,False,"reportDefault(parser, enc, s, next);"
526,2104.0,3682,5281,0.000000000000,0,0,1,4,False,switch (parser->m_parsingStatus.parsing) {
526,2104.0,3682,5282,0.000000000000,0,0,1,4,False,case XML_SUSPENDED:
526,2104.0,3682,5283,0.000000000000,0,0,1,4,False,*nextPtr = next;
526,2104.0,3682,5284,0.000000000000,0,0,1,4,False,return XML_ERROR_NONE;
526,2104.0,3682,5285,0.000000000000,0,0,1,4,False,case XML_FINISHED:
526,2104.0,3682,5286,0.000000000000,0,0,1,4,False,return XML_ERROR_ABORTED;
526,2104.0,3682,5287,0.000000000000,0,0,1,4,False,default:
526,2104.0,3682,5288,0.000000000000,0,0,1,4,False,s = next;
526,2104.0,3682,5289,0.000000000000,0,0,1,4,False,"tok = XmlPrologTok(enc, s, end, &next);"
526,2104.0,3682,5296,0.000000000000,0,4,1,0,False,"epilogProcessor(XML_Parser parser,"
526,2104.0,3682,5301,0.000000000000,0,4,1,0,False,parser->m_processor = epilogProcessor;
526,2104.0,3682,5302,0.000000000000,0,4,1,0,False,parser->m_eventPtr = s;
526,2104.0,3682,5303,0.000000000000,0,0,1,4,False,for (;;) {
526,2104.0,3682,5304,0.000000000000,0,4,1,0,False,const char *next = NULL;
526,2104.0,3682,5305,0.000000000000,0,4,1,0,False,"int tok = XmlPrologTok(parser->m_encoding, s, end, &next);"
526,2104.0,3682,5306,0.000000000000,0,4,1,0,False,parser->m_eventEndPtr = next;
526,2104.0,3682,5307,0.000000000000,0,4,1,0,False,switch (tok) {
526,2104.0,3682,5309,0.000000000000,0,0,1,4,False,case -XML_TOK_PROLOG_S:
526,2104.0,3682,5310,0.000000000000,0,0,1,4,False,if (parser->m_defaultHandler) {
526,2104.0,3682,5311,0.000000000000,0,0,1,4,False,"reportDefault(parser, parser->m_encoding, s, next);"
526,2104.0,3682,5312,0.000000000000,0,0,1,4,False,if (parser->m_parsingStatus.parsing == XML_FINISHED)
526,2104.0,3682,5313,0.000000000000,0,4,1,0,False,return XML_ERROR_ABORTED;
526,2104.0,3682,5315,0.000000000000,0,0,1,4,False,*nextPtr = next;
526,2104.0,3682,5316,0.000000000000,0,0,1,4,False,return XML_ERROR_NONE;
526,2104.0,3682,5317,0.000000000000,0,4,1,0,False,case XML_TOK_NONE:
526,2104.0,3682,5318,0.000000000000,0,4,1,0,False,*nextPtr = s;
526,2104.0,3682,5319,0.000000000000,0,4,1,0,False,return XML_ERROR_NONE;
526,2104.0,3682,5320,0.000000000000,0,0,1,4,False,case XML_TOK_PROLOG_S:
526,2104.0,3682,5321,0.000000000000,0,0,1,4,False,if (parser->m_defaultHandler)
526,2104.0,3682,5322,0.000000000000,0,0,1,4,False,"reportDefault(parser, parser->m_encoding, s, next);"
526,2104.0,3682,5323,0.000000000000,0,0,1,4,False,break;
526,2104.0,3682,5324,0.000000000000,0,0,1,4,False,case XML_TOK_PI:
526,2104.0,3682,5325,0.000000000000,0,0,1,4,False,"if (!reportProcessingInstruction(parser, parser->m_encoding, s, next))"
526,2104.0,3682,5326,0.000000000000,0,0,1,4,False,return XML_ERROR_NO_MEMORY;
526,2104.0,3682,5327,0.000000000000,0,0,1,4,False,break;
526,2104.0,3682,5328,0.000000000000,0,0,1,4,False,case XML_TOK_COMMENT:
526,2104.0,3682,5329,0.000000000000,0,0,1,4,False,"if (!reportComment(parser, parser->m_encoding, s, next))"
526,2104.0,3682,5330,0.000000000000,0,0,1,4,False,return XML_ERROR_NO_MEMORY;
526,2104.0,3682,5331,0.000000000000,0,0,1,4,False,break;
526,2104.0,3682,5332,0.000000000000,0,0,1,4,False,case XML_TOK_INVALID:
526,2104.0,3682,5333,0.000000000000,0,0,1,4,False,parser->m_eventPtr = next;
526,2104.0,3682,5334,0.000000000000,0,0,1,4,False,return XML_ERROR_INVALID_TOKEN;
526,2104.0,3682,5335,0.000000000000,0,0,1,4,False,case XML_TOK_PARTIAL:
526,2104.0,3682,5336,0.000000000000,0,0,1,4,False,if (!parser->m_parsingStatus.finalBuffer) {
526,2104.0,3682,5337,0.000000000000,0,0,1,4,False,*nextPtr = s;
526,2104.0,3682,5338,0.000000000000,0,0,1,4,False,return XML_ERROR_NONE;
526,2104.0,3682,5340,0.000000000000,0,0,1,4,False,return XML_ERROR_UNCLOSED_TOKEN;
526,2104.0,3682,5341,0.000000000000,0,0,1,4,False,case XML_TOK_PARTIAL_CHAR:
526,2104.0,3682,5342,0.000000000000,0,0,1,4,False,if (!parser->m_parsingStatus.finalBuffer) {
526,2104.0,3682,5343,0.000000000000,0,0,1,4,False,*nextPtr = s;
526,2104.0,3682,5344,0.000000000000,0,0,1,4,False,return XML_ERROR_NONE;
526,2104.0,3682,5346,0.000000000000,0,0,1,4,False,return XML_ERROR_PARTIAL_CHAR;
526,2104.0,3682,5347,0.000000000000,0,0,1,4,False,default:
526,2104.0,3682,5348,0.000000000000,0,0,1,4,False,return XML_ERROR_JUNK_AFTER_DOC_ELEMENT;
526,2104.0,3682,5350,0.000000000000,0,0,1,4,False,parser->m_eventPtr = s = next;
526,2104.0,3682,5351,0.000000000000,0,0,1,4,False,switch (parser->m_parsingStatus.parsing) {
526,2104.0,3682,5352,0.000000000000,0,0,1,4,False,case XML_SUSPENDED:
526,2104.0,3682,5353,0.000000000000,0,0,1,4,False,*nextPtr = next;
526,2104.0,3682,5354,0.000000000000,0,0,1,4,False,return XML_ERROR_NONE;
526,2104.0,3682,5355,0.000000000000,0,0,1,4,False,case XML_FINISHED:
526,2104.0,3682,5356,0.000000000000,0,0,1,4,False,return XML_ERROR_ABORTED;
526,2104.0,3682,5357,0.000000000000,0,0,1,4,False,default: ;
526,2104.0,3682,5363,0.000000000000,0,0,1,4,False,"processInternalEntity(XML_Parser parser, ENTITY *entity,"
526,2104.0,3682,5371,0.000000000000,0,0,1,4,False,if (parser->m_freeInternalEntities) {
526,2104.0,3682,5372,0.000000000000,0,0,1,4,False,openEntity = parser->m_freeInternalEntities;
526,2104.0,3682,5373,0.000000000000,0,0,1,4,False,parser->m_freeInternalEntities = openEntity->next;
526,2104.0,3682,5376,0.000000000000,0,0,1,4,False,"openEntity = (OPEN_INTERNAL_ENTITY *)MALLOC(parser, sizeof(OPEN_INTERNAL_ENTITY));"
526,2104.0,3682,5377,0.000000000000,0,0,1,4,False,if (!openEntity)
526,2104.0,3682,5378,0.000000000000,0,0,1,4,False,return XML_ERROR_NO_MEMORY;
526,2104.0,3682,5380,0.000000000000,0,0,1,4,False,entity->open = XML_TRUE;
526,2104.0,3682,5381,0.000000000000,0,0,1,4,False,entity->processed = 0;
526,2104.0,3682,5382,0.000000000000,0,0,1,4,False,openEntity->next = parser->m_openInternalEntities;
526,2104.0,3682,5383,0.000000000000,0,0,1,4,False,parser->m_openInternalEntities = openEntity;
526,2104.0,3682,5384,0.000000000000,0,0,1,4,False,openEntity->entity = entity;
526,2104.0,3682,5385,0.000000000000,0,0,1,4,False,openEntity->startTagLevel = parser->m_tagLevel;
526,2104.0,3682,5386,0.000000000000,0,0,1,4,False,openEntity->betweenDecl = betweenDecl;
526,2104.0,3682,5387,0.000000000000,0,0,1,4,False,openEntity->internalEventPtr = NULL;
526,2104.0,3682,5388,0.000000000000,0,0,1,4,False,openEntity->internalEventEndPtr = NULL;
526,2104.0,3682,5389,0.000000000000,0,0,1,4,False,textStart = (char *)entity->textPtr;
526,2104.0,3682,5390,0.000000000000,0,0,1,4,False,textEnd = (char *)(entity->textPtr + entity->textLen);
526,2104.0,3682,5392,0.000000000000,0,0,1,4,False,next = textStart;
526,2104.0,3682,5395,0.000000000000,0,0,1,4,False,if (entity->is_param) {
526,2104.0,3682,5396,0.000000000000,0,0,1,4,False,"int tok = XmlPrologTok(parser->m_internalEncoding, textStart, textEnd, &next);"
526,2104.0,3682,5397,0.000000000000,0,0,1,4,False,"result = doProlog(parser, parser->m_internalEncoding, textStart, textEnd, tok,"
526,2104.0,3682,5402,0.000000000000,0,0,1,4,False,"result = doContent(parser, parser->m_tagLevel, parser->m_internalEncoding, textStart,"
526,2104.0,3682,5405,0.000000000000,0,0,1,4,False,if (result == XML_ERROR_NONE) {
526,2104.0,3682,5406,0.000000000000,0,0,1,4,False,if (textEnd != next && parser->m_parsingStatus.parsing == XML_SUSPENDED) {
526,2104.0,3682,5407,0.000000000000,0,0,1,4,False,entity->processed = (int)(next - textStart);
526,2104.0,3682,5408,0.000000000000,0,0,1,4,False,parser->m_processor = internalEntityProcessor;
526,2104.0,3682,5411,0.000000000000,0,0,1,4,False,entity->open = XML_FALSE;
526,2104.0,3682,5412,0.000000000000,0,0,1,4,False,parser->m_openInternalEntities = openEntity->next;
526,2104.0,3682,5414,0.000000000000,0,0,1,4,False,openEntity->next = parser->m_freeInternalEntities;
526,2104.0,3682,5415,0.000000000000,0,0,1,4,False,parser->m_freeInternalEntities = openEntity;
526,2104.0,3682,5418,0.000000000000,0,0,1,4,False,return result;
526,2104.0,3682,5422,0.000000000000,0,0,1,4,False,"internalEntityProcessor(XML_Parser parser,"
526,2104.0,3682,5431,0.000000000000,0,0,1,4,False,OPEN_INTERNAL_ENTITY *openEntity = parser->m_openInternalEntities;
526,2104.0,3682,5432,0.000000000000,0,0,1,4,False,if (!openEntity)
526,2104.0,3682,5433,0.000000000000,0,0,1,4,False,return XML_ERROR_UNEXPECTED_STATE;
526,2104.0,3682,5435,0.000000000000,0,0,1,4,False,entity = openEntity->entity;
526,2104.0,3682,5436,0.000000000000,0,0,1,4,False,textStart = ((char *)entity->textPtr) + entity->processed;
526,2104.0,3682,5437,0.000000000000,0,0,1,4,False,textEnd = (char *)(entity->textPtr + entity->textLen);
526,2104.0,3682,5439,0.000000000000,0,0,1,4,False,next = textStart;
526,2104.0,3682,5442,0.000000000000,0,0,1,4,False,if (entity->is_param) {
526,2104.0,3682,5443,0.000000000000,0,0,1,4,False,"int tok = XmlPrologTok(parser->m_internalEncoding, textStart, textEnd, &next);"
526,2104.0,3682,5444,0.000000000000,0,0,1,4,False,"result = doProlog(parser, parser->m_internalEncoding, textStart, textEnd, tok,"
526,2104.0,3682,5449,0.000000000000,0,0,1,4,False,"result = doContent(parser, openEntity->startTagLevel, parser->m_internalEncoding,"
526,2104.0,3682,5452,0.000000000000,0,0,1,4,False,if (result != XML_ERROR_NONE)
526,2104.0,3682,5453,0.000000000000,0,0,1,4,False,return result;
526,2104.0,3682,5454,0.000000000000,0,0,1,4,False,else if (textEnd != next && parser->m_parsingStatus.parsing == XML_SUSPENDED) {
526,2104.0,3682,5455,0.000000000000,0,0,1,4,False,entity->processed = (int)(next - (char *)entity->textPtr);
526,2104.0,3682,5456,0.000000000000,0,0,1,4,False,return result;
526,2104.0,3682,5459,0.000000000000,0,0,1,4,False,entity->open = XML_FALSE;
526,2104.0,3682,5460,0.000000000000,0,0,1,4,False,parser->m_openInternalEntities = openEntity->next;
526,2104.0,3682,5462,0.000000000000,0,0,1,4,False,openEntity->next = parser->m_freeInternalEntities;
526,2104.0,3682,5463,0.000000000000,0,0,1,4,False,parser->m_freeInternalEntities = openEntity;
526,2104.0,3682,5467,0.000000000000,0,0,1,4,False,if (entity->is_param) {
526,2104.0,3682,5469,0.000000000000,0,0,1,4,False,parser->m_processor = prologProcessor;
526,2104.0,3682,5470,0.000000000000,0,0,1,4,False,"tok = XmlPrologTok(parser->m_encoding, s, end, &next);"
526,2104.0,3682,5471,0.000000000000,0,0,1,4,False,"return doProlog(parser, parser->m_encoding, s, end, tok, next, nextPtr,"
526,2104.0,3682,5472,0.000000000000,0,0,1,4,False,(XML_Bool)!parser->m_parsingStatus.finalBuffer);
526,2104.0,3682,5477,0.000000000000,0,0,1,4,False,parser->m_processor = contentProcessor;
526,2104.0,3682,5479,0.000000000000,0,0,1,4,False,"return doContent(parser, parser->m_parentParser ? 1 : 0, parser->m_encoding, s, end,"
526,2104.0,3682,5480,0.000000000000,0,0,1,4,False,"nextPtr, (XML_Bool)!parser->m_parsingStatus.finalBuffer);"
526,2104.0,3682,5485,0.000000000000,0,0,1,4,False,"errorProcessor(XML_Parser parser,"
526,2104.0,3682,5490,0.000000000000,0,0,1,4,False,return parser->m_errorCode;
526,2104.0,3682,5494,0.000000000000,0,0,1,4,False,"storeAttributeValue(XML_Parser parser, const ENCODING *enc, XML_Bool isCdata,"
526,2104.0,3682,5498,0.000000000000,0,0,1,4,False,"enum XML_Error result = appendAttributeValue(parser, enc, isCdata, ptr,"
526,2104.0,3682,5500,0.000000000000,0,0,1,4,False,if (result)
526,2104.0,3682,5501,0.000000000000,0,0,1,4,False,return result;
526,2104.0,3682,5502,0.000000000000,0,0,1,4,False,if (!isCdata && poolLength(pool) && poolLastChar(pool) == 0x20)
526,2104.0,3682,5503,0.000000000000,0,0,1,4,False,poolChop(pool);
526,2104.0,3682,5504,0.000000000000,0,0,1,4,False,"if (!poolAppendChar(pool, XML_T('\0')))"
526,2104.0,3682,5505,0.000000000000,0,0,1,4,False,return XML_ERROR_NO_MEMORY;
526,2104.0,3682,5506,0.000000000000,0,0,1,4,False,return XML_ERROR_NONE;
526,2104.0,3682,5510,0.000000000000,0,0,1,4,False,"appendAttributeValue(XML_Parser parser, const ENCODING *enc, XML_Bool isCdata,"
526,2104.0,3682,5514,0.000000000000,0,0,1,4,False,DTD * const dtd = parser->m_dtd;  /* save one level of indirection */
526,2104.0,3682,5515,0.000000000000,0,0,1,4,False,for (;;) {
526,2104.0,3682,5517,0.000000000000,0,0,1,4,False,"int tok = XmlAttributeValueTok(enc, ptr, end, &next);"
526,2104.0,3682,5518,0.000000000000,0,0,1,4,False,switch (tok) {
526,2104.0,3682,5519,0.000000000000,0,0,1,4,False,case XML_TOK_NONE:
526,2104.0,3682,5520,0.000000000000,0,0,1,4,False,return XML_ERROR_NONE;
526,2104.0,3682,5521,0.000000000000,0,0,1,4,False,case XML_TOK_INVALID:
526,2104.0,3682,5522,0.000000000000,0,0,1,4,False,if (enc == parser->m_encoding)
526,2104.0,3682,5523,0.000000000000,0,0,1,4,False,parser->m_eventPtr = next;
526,2104.0,3682,5524,0.000000000000,0,0,1,4,False,return XML_ERROR_INVALID_TOKEN;
526,2104.0,3682,5525,0.000000000000,0,0,1,4,False,case XML_TOK_PARTIAL:
526,2104.0,3682,5526,0.000000000000,0,0,1,4,False,if (enc == parser->m_encoding)
526,2104.0,3682,5527,0.000000000000,0,0,1,4,False,parser->m_eventPtr = ptr;
526,2104.0,3682,5528,0.000000000000,0,0,1,4,False,return XML_ERROR_INVALID_TOKEN;
526,2104.0,3682,5529,0.000000000000,0,0,1,4,False,case XML_TOK_CHAR_REF:
526,2104.0,3682,5533,0.000000000000,0,0,1,4,False,"int n = XmlCharRefNumber(enc, ptr);"
526,2104.0,3682,5534,0.000000000000,0,0,1,4,False,if (n < 0) {
526,2104.0,3682,5535,0.000000000000,0,0,1,4,False,if (enc == parser->m_encoding)
526,2104.0,3682,5536,0.000000000000,0,0,1,4,False,parser->m_eventPtr = ptr;
526,2104.0,3682,5537,0.000000000000,0,0,1,4,False,return XML_ERROR_BAD_CHAR_REF;
526,2104.0,3682,5539,0.000000000000,0,0,1,4,False,if (!isCdata
526,2104.0,3682,5540,0.000000000000,0,0,1,4,False,&& n == 0x20 /* space */
526,2104.0,3682,5541,0.000000000000,0,0,1,4,False,&& (poolLength(pool) == 0 || poolLastChar(pool) == 0x20))
526,2104.0,3682,5543,0.000000000000,0,0,1,4,False,"n = XmlEncode(n, (ICHAR *)buf);"
526,2104.0,3682,5553,0.000000000000,0,0,1,4,False,for (i = 0; i < n; i++) {
526,2104.0,3682,5554,0.000000000000,0,0,1,4,False,"if (!poolAppendChar(pool, buf[i]))"
526,2104.0,3682,5555,0.000000000000,0,0,1,4,False,return XML_ERROR_NO_MEMORY;
526,2104.0,3682,5558,0.000000000000,0,0,1,4,False,break;
526,2104.0,3682,5559,0.000000000000,0,0,1,4,False,case XML_TOK_DATA_CHARS:
526,2104.0,3682,5560,0.000000000000,0,0,1,4,False,"if (!poolAppend(pool, enc, ptr, next))"
526,2104.0,3682,5561,0.000000000000,0,0,1,4,False,return XML_ERROR_NO_MEMORY;
526,2104.0,3682,5562,0.000000000000,0,0,1,4,False,break;
526,2104.0,3682,5563,0.000000000000,0,0,1,4,False,case XML_TOK_TRAILING_CR:
526,2104.0,3682,5564,0.000000000000,0,0,1,4,False,next = ptr + enc->minBytesPerChar;
526,2104.0,3682,5566,0.000000000000,0,0,1,4,False,case XML_TOK_ATTRIBUTE_VALUE_S:
526,2104.0,3682,5568,0.000000000000,0,0,1,4,False,if (!isCdata && (poolLength(pool) == 0 || poolLastChar(pool) == 0x20))
526,2104.0,3682,5570,0.000000000000,0,0,1,4,False,"if (!poolAppendChar(pool, 0x20))"
526,2104.0,3682,5571,0.000000000000,0,0,1,4,False,return XML_ERROR_NO_MEMORY;
526,2104.0,3682,5572,0.000000000000,0,0,1,4,False,break;
526,2104.0,3682,5573,0.000000000000,0,0,1,4,False,case XML_TOK_ENTITY_REF:
526,2104.0,3682,5578,0.000000000000,0,0,1,4,False,"XML_Char ch = (XML_Char) XmlPredefinedEntityName(enc,"
526,2104.0,3682,5581,0.000000000000,0,0,1,4,False,if (ch) {
526,2104.0,3682,5582,0.000000000000,0,0,1,4,False,"if (!poolAppendChar(pool, ch))"
526,2104.0,3682,5583,0.000000000000,0,0,1,4,False,return XML_ERROR_NO_MEMORY;
526,2104.0,3682,5584,0.000000000000,0,0,1,4,False,break;
526,2104.0,3682,5586,0.000000000000,0,0,1,4,False,"name = poolStoreString(&parser->m_temp2Pool, enc,"
526,2104.0,3682,5587,0.000000000000,0,0,1,4,False,"ptr + enc->minBytesPerChar,"
526,2104.0,3682,5588,0.000000000000,0,0,1,4,False,next - enc->minBytesPerChar);
526,2104.0,3682,5589,0.000000000000,0,0,1,4,False,if (!name)
526,2104.0,3682,5590,0.000000000000,0,0,1,4,False,return XML_ERROR_NO_MEMORY;
526,2104.0,3682,5591,0.000000000000,0,0,1,4,False,"entity = (ENTITY *)lookup(parser, &dtd->generalEntities, name, 0);"
526,2104.0,3682,5592,0.000000000000,0,0,1,4,False,poolDiscard(&parser->m_temp2Pool);
526,2104.0,3682,5596,0.000000000000,0,0,1,4,False,if (pool == &dtd->pool)  /* are we called from prolog? */
526,2104.0,3682,5597,0.000000000000,0,0,1,4,False,checkEntityDecl =
526,2104.0,3682,5599,0.000000000000,0,0,1,4,False,parser->m_prologState.documentEntity &&
526,2104.0,3682,5601,0.000000000000,0,0,1,4,False,(dtd->standalone
526,2104.0,3682,5602,0.000000000000,0,0,1,4,False,? !parser->m_openInternalEntities
526,2104.0,3682,5603,0.000000000000,0,0,1,4,False,: !dtd->hasParamEntityRefs);
526,2104.0,3682,5605,0.000000000000,0,0,1,4,False,checkEntityDecl = !dtd->hasParamEntityRefs || dtd->standalone;
526,2104.0,3682,5606,0.000000000000,0,0,1,4,False,if (checkEntityDecl) {
526,2104.0,3682,5607,0.000000000000,0,0,1,4,False,if (!entity)
526,2104.0,3682,5608,0.000000000000,0,0,1,4,False,return XML_ERROR_UNDEFINED_ENTITY;
526,2104.0,3682,5609,0.000000000000,0,0,1,4,False,else if (!entity->is_internal)
526,2104.0,3682,5610,0.000000000000,0,0,1,4,False,return XML_ERROR_ENTITY_DECLARED_IN_PE;
526,2104.0,3682,5612,0.000000000000,0,0,1,4,False,else if (!entity) {
526,2104.0,3682,5623,0.000000000000,0,0,1,4,False,break;
526,2104.0,3682,5625,0.000000000000,0,0,1,4,False,if (entity->open) {
526,2104.0,3682,5626,0.000000000000,0,0,1,4,False,if (enc == parser->m_encoding) {
526,2104.0,3682,5644,0.000000000000,0,0,1,4,False,parser->m_eventPtr = ptr; /* LCOV_EXCL_LINE */
526,2104.0,3682,5646,0.000000000000,0,0,1,4,False,return XML_ERROR_RECURSIVE_ENTITY_REF;
526,2104.0,3682,5648,0.000000000000,0,0,1,4,False,if (entity->notation) {
526,2104.0,3682,5649,0.000000000000,0,0,1,4,False,if (enc == parser->m_encoding)
526,2104.0,3682,5650,0.000000000000,0,0,1,4,False,parser->m_eventPtr = ptr;
526,2104.0,3682,5651,0.000000000000,0,0,1,4,False,return XML_ERROR_BINARY_ENTITY_REF;
526,2104.0,3682,5653,0.000000000000,0,0,1,4,False,if (!entity->textPtr) {
526,2104.0,3682,5654,0.000000000000,0,0,1,4,False,if (enc == parser->m_encoding)
526,2104.0,3682,5655,0.000000000000,0,0,1,4,False,parser->m_eventPtr = ptr;
526,2104.0,3682,5656,0.000000000000,0,0,1,4,False,return XML_ERROR_ATTRIBUTE_EXTERNAL_ENTITY_REF;
526,2104.0,3682,5660,0.000000000000,0,0,1,4,False,const XML_Char *textEnd = entity->textPtr + entity->textLen;
526,2104.0,3682,5661,0.000000000000,0,0,1,4,False,entity->open = XML_TRUE;
526,2104.0,3682,5662,0.000000000000,0,0,1,4,False,"result = appendAttributeValue(parser, parser->m_internalEncoding, isCdata,"
526,2104.0,3682,5663,0.000000000000,0,0,1,4,False,"(char *)entity->textPtr,"
526,2104.0,3682,5665,0.000000000000,0,0,1,4,False,entity->open = XML_FALSE;
526,2104.0,3682,5666,0.000000000000,0,0,1,4,False,if (result)
526,2104.0,3682,5667,0.000000000000,0,0,1,4,False,return result;
526,2104.0,3682,5670,0.000000000000,0,0,1,4,False,break;
526,2104.0,3682,5671,0.000000000000,0,0,1,4,False,default:
526,2104.0,3682,5683,0.000000000000,0,0,1,4,False,if (enc == parser->m_encoding)
526,2104.0,3682,5684,0.000000000000,0,0,1,4,False,parser->m_eventPtr = ptr;
526,2104.0,3682,5685,0.000000000000,0,0,1,4,False,return XML_ERROR_UNEXPECTED_STATE;
526,2104.0,3682,5688,0.000000000000,0,0,1,4,False,ptr = next;
526,2104.0,3682,5694,0.000000000000,0,0,1,4,False,"storeEntityValue(XML_Parser parser,"
526,2104.0,3682,5699,0.000000000000,0,0,1,4,False,DTD * const dtd = parser->m_dtd;  /* save one level of indirection */
526,2104.0,3682,5700,0.000000000000,0,0,1,4,False,STRING_POOL *pool = &(dtd->entityValuePool);
526,2104.0,3682,5701,0.000000000000,0,0,1,4,False,enum XML_Error result = XML_ERROR_NONE;
526,2104.0,3682,5703,0.000000000000,0,0,1,4,False,int oldInEntityValue = parser->m_prologState.inEntityValue;
526,2104.0,3682,5704,0.000000000000,0,0,1,4,False,parser->m_prologState.inEntityValue = 1;
526,2104.0,3682,5709,0.000000000000,0,0,1,4,False,if (!pool->blocks) {
526,2104.0,3682,5710,0.000000000000,0,0,1,4,False,if (!poolGrow(pool))
526,2104.0,3682,5711,0.000000000000,0,0,1,4,False,return XML_ERROR_NO_MEMORY;
526,2104.0,3682,5714,0.000000000000,0,0,1,4,False,for (;;) {
526,2104.0,3682,5716,0.000000000000,0,0,1,4,False,"int tok = XmlEntityValueTok(enc, entityTextPtr, entityTextEnd, &next);"
526,2104.0,3682,5717,0.000000000000,0,0,1,4,False,switch (tok) {
526,2104.0,3682,5718,0.000000000000,0,0,1,4,False,case XML_TOK_PARAM_ENTITY_REF:
526,2104.0,3682,5720,0.000000000000,0,0,1,4,False,if (parser->m_isParamEntity || enc != parser->m_encoding) {
526,2104.0,3682,5723,0.000000000000,0,0,1,4,False,"name = poolStoreString(&parser->m_tempPool, enc,"
526,2104.0,3682,5724,0.000000000000,0,0,1,4,False,"entityTextPtr + enc->minBytesPerChar,"
526,2104.0,3682,5725,0.000000000000,0,0,1,4,False,next - enc->minBytesPerChar);
526,2104.0,3682,5726,0.000000000000,0,0,1,4,False,if (!name) {
526,2104.0,3682,5727,0.000000000000,0,0,1,4,False,result = XML_ERROR_NO_MEMORY;
526,2104.0,3682,5728,0.000000000000,0,0,1,4,False,goto endEntityValue;
526,2104.0,3682,5730,0.000000000000,0,0,1,4,False,"entity = (ENTITY *)lookup(parser, &dtd->paramEntities, name, 0);"
526,2104.0,3682,5731,0.000000000000,0,0,1,4,False,poolDiscard(&parser->m_tempPool);
526,2104.0,3682,5732,0.000000000000,0,0,1,4,False,if (!entity) {
526,2104.0,3682,5739,0.000000000000,0,0,1,4,False,dtd->keepProcessing = dtd->standalone;
526,2104.0,3682,5740,0.000000000000,0,0,1,4,False,goto endEntityValue;
526,2104.0,3682,5742,0.000000000000,0,0,1,4,False,if (entity->open) {
526,2104.0,3682,5743,0.000000000000,0,0,1,4,False,if (enc == parser->m_encoding)
526,2104.0,3682,5744,0.000000000000,0,0,1,4,False,parser->m_eventPtr = entityTextPtr;
526,2104.0,3682,5745,0.000000000000,0,0,1,4,False,result = XML_ERROR_RECURSIVE_ENTITY_REF;
526,2104.0,3682,5746,0.000000000000,0,0,1,4,False,goto endEntityValue;
526,2104.0,3682,5748,0.000000000000,0,0,1,4,False,if (entity->systemId) {
526,2104.0,3682,5749,0.000000000000,0,0,1,4,False,if (parser->m_externalEntityRefHandler) {
526,2104.0,3682,5750,0.000000000000,0,0,1,4,False,dtd->paramEntityRead = XML_FALSE;
526,2104.0,3682,5751,0.000000000000,0,0,1,4,False,entity->open = XML_TRUE;
526,2104.0,3682,5752,0.000000000000,0,0,1,4,False,"if (!parser->m_externalEntityRefHandler(parser->m_externalEntityRefHandlerArg,"
526,2104.0,3682,5757,0.000000000000,0,0,1,4,False,entity->open = XML_FALSE;
526,2104.0,3682,5758,0.000000000000,0,0,1,4,False,result = XML_ERROR_EXTERNAL_ENTITY_HANDLING;
526,2104.0,3682,5759,0.000000000000,0,0,1,4,False,goto endEntityValue;
526,2104.0,3682,5761,0.000000000000,0,0,1,4,False,entity->open = XML_FALSE;
526,2104.0,3682,5762,0.000000000000,0,0,1,4,False,if (!dtd->paramEntityRead)
526,2104.0,3682,5763,0.000000000000,0,0,1,4,False,dtd->keepProcessing = dtd->standalone;
526,2104.0,3682,5766,0.000000000000,0,0,1,4,False,dtd->keepProcessing = dtd->standalone;
526,2104.0,3682,5769,0.000000000000,0,0,1,4,False,entity->open = XML_TRUE;
526,2104.0,3682,5770,0.000000000000,0,0,1,4,False,"result = storeEntityValue(parser,"
526,2104.0,3682,5772,0.000000000000,0,0,1,4,False,"(char *)entity->textPtr,"
526,2104.0,3682,5773,0.000000000000,0,0,1,4,False,(char *)(entity->textPtr
526,2104.0,3682,5774,0.000000000000,0,0,1,4,False,+ entity->textLen));
526,2104.0,3682,5775,0.000000000000,0,0,1,4,False,entity->open = XML_FALSE;
526,2104.0,3682,5776,0.000000000000,0,0,1,4,False,if (result)
526,2104.0,3682,5777,0.000000000000,0,0,1,4,False,goto endEntityValue;
526,2104.0,3682,5779,0.000000000000,0,0,1,4,False,break;
526,2104.0,3682,5784,0.000000000000,0,0,1,4,False,parser->m_eventPtr = entityTextPtr;
526,2104.0,3682,5785,0.000000000000,0,0,1,4,False,result = XML_ERROR_PARAM_ENTITY_REF;
526,2104.0,3682,5786,0.000000000000,0,0,1,4,False,goto endEntityValue;
526,2104.0,3682,5787,0.000000000000,0,0,1,4,False,case XML_TOK_NONE:
526,2104.0,3682,5788,0.000000000000,0,0,1,4,False,result = XML_ERROR_NONE;
526,2104.0,3682,5789,0.000000000000,0,0,1,4,False,goto endEntityValue;
526,2104.0,3682,5790,0.000000000000,0,0,1,4,False,case XML_TOK_ENTITY_REF:
526,2104.0,3682,5792,0.000000000000,0,0,1,4,False,"if (!poolAppend(pool, enc, entityTextPtr, next)) {"
526,2104.0,3682,5793,0.000000000000,0,0,1,4,False,result = XML_ERROR_NO_MEMORY;
526,2104.0,3682,5794,0.000000000000,0,0,1,4,False,goto endEntityValue;
526,2104.0,3682,5796,0.000000000000,0,0,1,4,False,break;
526,2104.0,3682,5797,0.000000000000,0,0,1,4,False,case XML_TOK_TRAILING_CR:
526,2104.0,3682,5798,0.000000000000,0,0,1,4,False,next = entityTextPtr + enc->minBytesPerChar;
526,2104.0,3682,5800,0.000000000000,0,0,1,4,False,case XML_TOK_DATA_NEWLINE:
526,2104.0,3682,5801,0.000000000000,0,0,1,4,False,if (pool->end == pool->ptr && !poolGrow(pool)) {
526,2104.0,3682,5802,0.000000000000,0,0,1,4,False,result = XML_ERROR_NO_MEMORY;
526,2104.0,3682,5803,0.000000000000,0,0,1,4,False,goto endEntityValue;
526,2104.0,3682,5805,0.000000000000,0,0,1,4,False,*(pool->ptr)++ = 0xA;
526,2104.0,3682,5806,0.000000000000,0,0,1,4,False,break;
526,2104.0,3682,5807,0.000000000000,0,0,1,4,False,case XML_TOK_CHAR_REF:
526,2104.0,3682,5811,0.000000000000,0,0,1,4,False,"int n = XmlCharRefNumber(enc, entityTextPtr);"
526,2104.0,3682,5812,0.000000000000,0,0,1,4,False,if (n < 0) {
526,2104.0,3682,5813,0.000000000000,0,0,1,4,False,if (enc == parser->m_encoding)
526,2104.0,3682,5814,0.000000000000,0,0,1,4,False,parser->m_eventPtr = entityTextPtr;
526,2104.0,3682,5815,0.000000000000,0,0,1,4,False,result = XML_ERROR_BAD_CHAR_REF;
526,2104.0,3682,5816,0.000000000000,0,0,1,4,False,goto endEntityValue;
526,2104.0,3682,5818,0.000000000000,0,0,1,4,False,"n = XmlEncode(n, (ICHAR *)buf);"
526,2104.0,3682,5828,0.000000000000,0,0,1,4,False,for (i = 0; i < n; i++) {
526,2104.0,3682,5829,0.000000000000,0,0,1,4,False,if (pool->end == pool->ptr && !poolGrow(pool)) {
526,2104.0,3682,5830,0.000000000000,0,0,1,4,False,result = XML_ERROR_NO_MEMORY;
526,2104.0,3682,5831,0.000000000000,0,0,1,4,False,goto endEntityValue;
526,2104.0,3682,5833,0.000000000000,0,0,1,4,False,*(pool->ptr)++ = buf[i];
526,2104.0,3682,5836,0.000000000000,0,0,1,4,False,break;
526,2104.0,3682,5837,0.000000000000,0,0,1,4,False,case XML_TOK_PARTIAL:
526,2104.0,3682,5838,0.000000000000,0,0,1,4,False,if (enc == parser->m_encoding)
526,2104.0,3682,5839,0.000000000000,0,0,1,4,False,parser->m_eventPtr = entityTextPtr;
526,2104.0,3682,5840,0.000000000000,0,0,1,4,False,result = XML_ERROR_INVALID_TOKEN;
526,2104.0,3682,5841,0.000000000000,0,0,1,4,False,goto endEntityValue;
526,2104.0,3682,5842,0.000000000000,0,0,1,4,False,case XML_TOK_INVALID:
526,2104.0,3682,5843,0.000000000000,0,0,1,4,False,if (enc == parser->m_encoding)
526,2104.0,3682,5844,0.000000000000,0,0,1,4,False,parser->m_eventPtr = next;
526,2104.0,3682,5845,0.000000000000,0,0,1,4,False,result = XML_ERROR_INVALID_TOKEN;
526,2104.0,3682,5846,0.000000000000,0,0,1,4,False,goto endEntityValue;
526,2104.0,3682,5847,0.000000000000,0,0,1,4,False,default:
526,2104.0,3682,5855,0.000000000000,0,0,1,4,False,if (enc == parser->m_encoding)
526,2104.0,3682,5856,0.000000000000,0,0,1,4,False,parser->m_eventPtr = entityTextPtr;
526,2104.0,3682,5857,0.000000000000,0,0,1,4,False,result = XML_ERROR_UNEXPECTED_STATE;
526,2104.0,3682,5858,0.000000000000,0,0,1,4,False,goto endEntityValue;
526,2104.0,3682,5861,0.000000000000,0,0,1,4,False,entityTextPtr = next;
526,2104.0,3682,5863,0.000000000000,0,0,1,4,False,endEntityValue:
526,2104.0,3682,5865,0.000000000000,0,0,1,4,False,parser->m_prologState.inEntityValue = oldInEntityValue;
526,2104.0,3682,5867,0.000000000000,0,0,1,4,False,return result;
526,2104.0,3682,5871,0.000000000000,0,0,1,4,False,normalizeLines(XML_Char *s)
526,2104.0,3682,5874,0.000000000000,0,0,1,4,False,for (;; s++) {
526,2104.0,3682,5875,0.000000000000,0,0,1,4,False,if (*s == XML_T('\0'))
526,2104.0,3682,5876,0.000000000000,0,0,1,4,False,return;
526,2104.0,3682,5877,0.000000000000,0,0,1,4,False,if (*s == 0xD)
526,2104.0,3682,5878,0.000000000000,0,0,1,4,False,break;
526,2104.0,3682,5880,0.000000000000,0,0,1,4,False,p = s;
526,2104.0,3682,5882,0.000000000000,0,0,1,4,False,if (*s == 0xD) {
526,2104.0,3682,5883,0.000000000000,0,0,1,4,False,*p++ = 0xA;
526,2104.0,3682,5884,0.000000000000,0,0,1,4,False,if (*++s == 0xA)
526,2104.0,3682,5885,0.000000000000,0,0,1,4,False,s++;
526,2104.0,3682,5888,0.000000000000,0,0,1,4,False,*p++ = *s++;
526,2104.0,3682,5889,0.000000000000,0,0,1,4,False,} while (*s);
526,2104.0,3682,5890,0.000000000000,0,0,1,4,False,*p = XML_T('\0');
526,2104.0,3682,5894,0.000000000000,0,0,1,4,False,"reportProcessingInstruction(XML_Parser parser, const ENCODING *enc,"
526,2104.0,3682,5900,0.000000000000,0,0,1,4,False,if (!parser->m_processingInstructionHandler) {
526,2104.0,3682,5901,0.000000000000,0,0,1,4,False,if (parser->m_defaultHandler)
526,2104.0,3682,5902,0.000000000000,0,0,1,4,False,"reportDefault(parser, enc, start, end);"
526,2104.0,3682,5903,0.000000000000,0,0,1,4,False,return 1;
526,2104.0,3682,5905,0.000000000000,0,0,1,4,False,start += enc->minBytesPerChar * 2;
526,2104.0,3682,5906,0.000000000000,0,0,1,4,False,"tem = start + XmlNameLength(enc, start);"
526,2104.0,3682,5907,0.000000000000,0,0,1,4,False,"target = poolStoreString(&parser->m_tempPool, enc, start, tem);"
526,2104.0,3682,5908,0.000000000000,0,0,1,4,False,if (!target)
526,2104.0,3682,5909,0.000000000000,0,0,1,4,False,return 0;
526,2104.0,3682,5910,0.000000000000,0,0,1,4,False,poolFinish(&parser->m_tempPool);
526,2104.0,3682,5911,0.000000000000,0,0,1,4,False,"data = poolStoreString(&parser->m_tempPool, enc,"
526,2104.0,3682,5912,0.000000000000,0,0,1,4,False,"XmlSkipS(enc, tem),"
526,2104.0,3682,5913,0.000000000000,0,0,1,4,False,end - enc->minBytesPerChar*2);
526,2104.0,3682,5914,0.000000000000,0,0,1,4,False,if (!data)
526,2104.0,3682,5915,0.000000000000,0,0,1,4,False,return 0;
526,2104.0,3682,5916,0.000000000000,0,0,1,4,False,normalizeLines(data);
526,2104.0,3682,5917,0.000000000000,0,0,1,4,False,"parser->m_processingInstructionHandler(parser->m_handlerArg, target, data);"
526,2104.0,3682,5918,0.000000000000,0,0,1,4,False,poolClear(&parser->m_tempPool);
526,2104.0,3682,5919,0.000000000000,0,0,1,4,False,return 1;
526,2104.0,3682,5923,0.000000000000,0,0,1,4,False,"reportComment(XML_Parser parser, const ENCODING *enc,"
526,2104.0,3682,5927,0.000000000000,0,0,1,4,False,if (!parser->m_commentHandler) {
526,2104.0,3682,5928,0.000000000000,0,0,1,4,False,if (parser->m_defaultHandler)
526,2104.0,3682,5929,0.000000000000,0,0,1,4,False,"reportDefault(parser, enc, start, end);"
526,2104.0,3682,5930,0.000000000000,0,0,1,4,False,return 1;
526,2104.0,3682,5932,0.000000000000,0,0,1,4,False,"data = poolStoreString(&parser->m_tempPool,"
526,2104.0,3682,5934,0.000000000000,0,0,1,4,False,"start + enc->minBytesPerChar * 4,"
526,2104.0,3682,5935,0.000000000000,0,0,1,4,False,end - enc->minBytesPerChar * 3);
526,2104.0,3682,5936,0.000000000000,0,0,1,4,False,if (!data)
526,2104.0,3682,5937,0.000000000000,0,0,1,4,False,return 0;
526,2104.0,3682,5938,0.000000000000,0,0,1,4,False,normalizeLines(data);
526,2104.0,3682,5939,0.000000000000,0,0,1,4,False,"parser->m_commentHandler(parser->m_handlerArg, data);"
526,2104.0,3682,5940,0.000000000000,0,0,1,4,False,poolClear(&parser->m_tempPool);
526,2104.0,3682,5941,0.000000000000,0,0,1,4,False,return 1;
526,2104.0,3682,5945,0.000000000000,0,0,1,4,False,"reportDefault(XML_Parser parser, const ENCODING *enc,"
526,2104.0,3682,5948,0.000000000000,0,0,1,4,False,"if (MUST_CONVERT(enc, s)) {"
526,2104.0,3682,5952,0.000000000000,0,0,1,4,False,if (enc == parser->m_encoding) {
526,2104.0,3682,5953,0.000000000000,0,0,1,4,False,eventPP = &parser->m_eventPtr;
526,2104.0,3682,5954,0.000000000000,0,0,1,4,False,eventEndPP = &parser->m_eventEndPtr;
526,2104.0,3682,5973,0.000000000000,0,0,1,4,False,eventPP = &(parser->m_openInternalEntities->internalEventPtr);
526,2104.0,3682,5974,0.000000000000,0,0,1,4,False,eventEndPP = &(parser->m_openInternalEntities->internalEventEndPtr);
526,2104.0,3682,5978,0.000000000000,0,0,1,4,False,ICHAR *dataPtr = (ICHAR *)parser->m_dataBuf;
526,2104.0,3682,5979,0.000000000000,0,0,1,4,False,"convert_res = XmlConvert(enc, &s, end, &dataPtr, (ICHAR *)parser->m_dataBufEnd);"
526,2104.0,3682,5980,0.000000000000,0,0,1,4,False,*eventEndPP = s;
526,2104.0,3682,5981,0.000000000000,0,0,1,4,False,"parser->m_defaultHandler(parser->m_handlerArg, parser->m_dataBuf, (int)(dataPtr - (ICHAR *)parser->m_dataBuf));"
526,2104.0,3682,5982,0.000000000000,0,0,1,4,False,*eventPP = s;
526,2104.0,3682,5983,0.000000000000,0,0,1,4,False,} while ((convert_res != XML_CONVERT_COMPLETED) && (convert_res != XML_CONVERT_INPUT_INCOMPLETE));
526,2104.0,3682,5986,0.000000000000,0,0,1,4,False,"parser->m_defaultHandler(parser->m_handlerArg, (XML_Char *)s, (int)((XML_Char *)end - (XML_Char *)s));"
526,2104.0,3682,5987,0.000000000000,0,0,1,4,False,}
526,2104.0,3682,5991,0.000000000000,0,0,1,4,False,"defineAttribute(ELEMENT_TYPE *type, ATTRIBUTE_ID *attId, XML_Bool isCdata,"
526,2104.0,3682,5995,0.000000000000,0,0,1,4,False,if (value || isId) {
526,2104.0,3682,5999,0.000000000000,0,0,1,4,False,for (i = 0; i < type->nDefaultAtts; i++)
526,2104.0,3682,6000,0.000000000000,0,0,1,4,False,if (attId == type->defaultAtts[i].id)
526,2104.0,3682,6001,0.000000000000,0,0,1,4,False,return 1;
526,2104.0,3682,6002,0.000000000000,0,0,1,4,False,if (isId && !type->idAtt && !attId->xmlns)
526,2104.0,3682,6003,0.000000000000,0,0,1,4,False,type->idAtt = attId;
526,2104.0,3682,6005,0.000000000000,0,0,1,4,False,if (type->nDefaultAtts == type->allocDefaultAtts) {
526,2104.0,3682,6006,0.000000000000,0,0,1,4,False,if (type->allocDefaultAtts == 0) {
526,2104.0,3682,6007,0.000000000000,0,0,1,4,False,type->allocDefaultAtts = 8;
526,2104.0,3682,6008,0.000000000000,0,0,1,4,False,"type->defaultAtts = (DEFAULT_ATTRIBUTE *)MALLOC(parser, type->allocDefaultAtts"
526,2104.0,3682,6010,0.000000000000,0,0,1,4,False,if (!type->defaultAtts) {
526,2104.0,3682,6011,0.000000000000,0,0,1,4,False,type->allocDefaultAtts = 0;
526,2104.0,3682,6012,0.000000000000,0,0,1,4,False,return 0;
526,2104.0,3682,6017,0.000000000000,0,0,1,4,False,int count = type->allocDefaultAtts * 2;
526,2104.0,3682,6019,0.000000000000,0,0,1,4,False,"REALLOC(parser, type->defaultAtts, (count * sizeof(DEFAULT_ATTRIBUTE)));"
526,2104.0,3682,6020,0.000000000000,0,0,1,4,False,if (temp == NULL)
526,2104.0,3682,6021,0.000000000000,0,0,1,4,False,return 0;
526,2104.0,3682,6022,0.000000000000,0,0,1,4,False,type->allocDefaultAtts = count;
526,2104.0,3682,6023,0.000000000000,0,0,1,4,False,type->defaultAtts = temp;
526,2104.0,3682,6026,0.000000000000,0,0,1,4,False,att = type->defaultAtts + type->nDefaultAtts;
526,2104.0,3682,6027,0.000000000000,0,0,1,4,False,att->id = attId;
526,2104.0,3682,6028,0.000000000000,0,0,1,4,False,att->value = value;
526,2104.0,3682,6029,0.000000000000,0,0,1,4,False,att->isCdata = isCdata;
526,2104.0,3682,6030,0.000000000000,0,0,1,4,False,if (!isCdata)
526,2104.0,3682,6031,0.000000000000,0,0,1,4,False,attId->maybeTokenized = XML_TRUE;
526,2104.0,3682,6032,0.000000000000,0,0,1,4,False,type->nDefaultAtts += 1;
526,2104.0,3682,6033,0.000000000000,0,0,1,4,False,return 1;
526,2104.0,3682,6037,0.000000000000,0,0,1,4,False,"setElementTypePrefix(XML_Parser parser, ELEMENT_TYPE *elementType)"
526,2104.0,3682,6039,0.000000000000,0,0,1,4,False,DTD * const dtd = parser->m_dtd;  /* save one level of indirection */
526,2104.0,3682,6041,0.000000000000,0,0,1,4,False,for (name = elementType->name; *name; name++) {
526,2104.0,3682,6042,0.000000000000,0,0,1,4,False,if (*name == XML_T(ASCII_COLON)) {
526,2104.0,3682,6045,0.000000000000,0,0,1,4,False,for (s = elementType->name; s != name; s++) {
526,2104.0,3682,6046,0.000000000000,0,0,1,4,False,"if (!poolAppendChar(&dtd->pool, *s))"
526,2104.0,3682,6047,0.000000000000,0,0,1,4,False,return 0;
526,2104.0,3682,6049,0.000000000000,0,0,1,4,False,"if (!poolAppendChar(&dtd->pool, XML_T('\0')))"
526,2104.0,3682,6050,0.000000000000,0,0,1,4,False,return 0;
526,2104.0,3682,6051,0.000000000000,0,0,1,4,False,"prefix = (PREFIX *)lookup(parser, &dtd->prefixes, poolStart(&dtd->pool),"
526,2104.0,3682,6053,0.000000000000,0,0,1,4,False,if (!prefix)
526,2104.0,3682,6054,0.000000000000,0,0,1,4,False,return 0;
526,2104.0,3682,6055,0.000000000000,0,0,1,4,False,if (prefix->name == poolStart(&dtd->pool))
526,2104.0,3682,6056,0.000000000000,0,0,1,4,False,poolFinish(&dtd->pool);
526,2104.0,3682,6058,0.000000000000,0,0,1,4,False,poolDiscard(&dtd->pool);
526,2104.0,3682,6059,0.000000000000,0,0,1,4,False,elementType->prefix = prefix;
526,2104.0,3682,6063,0.000000000000,0,0,1,4,False,return 1;
526,2104.0,3682,6067,0.000000000000,0,0,1,4,False,"getAttributeId(XML_Parser parser, const ENCODING *enc,"
526,2104.0,3682,6070,0.000000000000,0,0,1,4,False,DTD * const dtd = parser->m_dtd;  /* save one level of indirection */
526,2104.0,3682,6073,0.000000000000,0,0,1,4,False,"if (!poolAppendChar(&dtd->pool, XML_T('\0')))"
526,2104.0,3682,6074,0.000000000000,0,0,1,4,False,return NULL;
526,2104.0,3682,6075,0.000000000000,0,0,1,4,False,"name = poolStoreString(&dtd->pool, enc, start, end);"
526,2104.0,3682,6076,0.000000000000,0,0,1,4,False,if (!name)
526,2104.0,3682,6077,0.000000000000,0,0,1,4,False,return NULL;
526,2104.0,3682,6079,0.000000000000,0,0,1,4,False,++name;
526,2104.0,3682,6080,0.000000000000,0,0,1,4,False,"id = (ATTRIBUTE_ID *)lookup(parser, &dtd->attributeIds, name, sizeof(ATTRIBUTE_ID));"
526,2104.0,3682,6081,0.000000000000,0,0,1,4,False,if (!id)
526,2104.0,3682,6082,0.000000000000,0,0,1,4,False,return NULL;
526,2104.0,3682,6083,0.000000000000,0,0,1,4,False,if (id->name != name)
526,2104.0,3682,6084,0.000000000000,0,0,1,4,False,poolDiscard(&dtd->pool);
526,2104.0,3682,6086,0.000000000000,0,0,1,4,False,poolFinish(&dtd->pool);
526,2104.0,3682,6087,0.000000000000,0,0,1,4,False,if (!parser->m_ns)
526,2104.0,3682,6089,0.000000000000,0,0,1,4,False,else if (name[0] == XML_T(ASCII_x)
526,2104.0,3682,6090,0.000000000000,0,0,1,4,False,&& name[1] == XML_T(ASCII_m)
526,2104.0,3682,6091,0.000000000000,0,0,1,4,False,&& name[2] == XML_T(ASCII_l)
526,2104.0,3682,6092,0.000000000000,0,0,1,4,False,&& name[3] == XML_T(ASCII_n)
526,2104.0,3682,6093,0.000000000000,0,0,1,4,False,&& name[4] == XML_T(ASCII_s)
526,2104.0,3682,6094,0.000000000000,0,0,1,4,False,&& (name[5] == XML_T('\0') || name[5] == XML_T(ASCII_COLON))) {
526,2104.0,3682,6095,0.000000000000,0,0,1,4,False,if (name[5] == XML_T('\0'))
526,2104.0,3682,6096,0.000000000000,0,0,1,4,False,id->prefix = &dtd->defaultPrefix;
526,2104.0,3682,6098,0.000000000000,0,0,1,4,False,"id->prefix = (PREFIX *)lookup(parser, &dtd->prefixes, name + 6, sizeof(PREFIX));"
526,2104.0,3682,6099,0.000000000000,0,0,1,4,False,id->xmlns = XML_TRUE;
526,2104.0,3682,6103,0.000000000000,0,0,1,4,False,for (i = 0; name[i]; i++) {
526,2104.0,3682,6105,0.000000000000,0,0,1,4,False,if (name[i] == XML_T(ASCII_COLON)) {
526,2104.0,3682,6107,0.000000000000,0,0,1,4,False,for (j = 0; j < i; j++) {
526,2104.0,3682,6108,0.000000000000,0,0,1,4,False,"if (!poolAppendChar(&dtd->pool, name[j]))"
526,2104.0,3682,6109,0.000000000000,0,0,1,4,False,return NULL;
526,2104.0,3682,6111,0.000000000000,0,0,1,4,False,"if (!poolAppendChar(&dtd->pool, XML_T('\0')))"
526,2104.0,3682,6112,0.000000000000,0,0,1,4,False,return NULL;
526,2104.0,3682,6113,0.000000000000,0,0,1,4,False,"id->prefix = (PREFIX *)lookup(parser, &dtd->prefixes, poolStart(&dtd->pool),"
526,2104.0,3682,6115,0.000000000000,0,0,1,4,False,if (!id->prefix)
526,2104.0,3682,6116,0.000000000000,0,0,1,4,False,return NULL;
526,2104.0,3682,6117,0.000000000000,0,0,1,4,False,if (id->prefix->name == poolStart(&dtd->pool))
526,2104.0,3682,6118,0.000000000000,0,0,1,4,False,poolFinish(&dtd->pool);
526,2104.0,3682,6120,0.000000000000,0,0,1,4,False,poolDiscard(&dtd->pool);
526,2104.0,3682,6121,0.000000000000,0,0,1,4,False,break;
526,2104.0,3682,6126,0.000000000000,0,0,1,4,False,return id;
526,2104.0,3682,6132,0.000000000000,0,0,1,4,False,getContext(XML_Parser parser)
526,2104.0,3682,6134,0.000000000000,0,0,1,4,False,DTD * const dtd = parser->m_dtd;  /* save one level of indirection */
526,2104.0,3682,6136,0.000000000000,0,0,1,4,False,XML_Bool needSep = XML_FALSE;
526,2104.0,3682,6138,0.000000000000,0,0,1,4,False,if (dtd->defaultPrefix.binding) {
526,2104.0,3682,6141,0.000000000000,0,0,1,4,False,"if (!poolAppendChar(&parser->m_tempPool, XML_T(ASCII_EQUALS)))"
526,2104.0,3682,6142,0.000000000000,0,0,1,4,False,return NULL;
526,2104.0,3682,6143,0.000000000000,0,0,1,4,False,len = dtd->defaultPrefix.binding->uriLen;
526,2104.0,3682,6144,0.000000000000,0,0,1,4,False,if (parser->m_namespaceSeparator)
526,2104.0,3682,6145,0.000000000000,0,0,1,4,False,len--;
526,2104.0,3682,6146,0.000000000000,0,0,1,4,False,for (i = 0; i < len; i++) {
526,2104.0,3682,6147,0.000000000000,0,0,1,4,False,"if (!poolAppendChar(&parser->m_tempPool, dtd->defaultPrefix.binding->uri[i])) {"
526,2104.0,3682,6167,0.000000000000,0,0,1,4,False,return NULL; /* LCOV_EXCL_LINE */
526,2104.0,3682,6170,0.000000000000,0,0,1,4,False,needSep = XML_TRUE;
526,2104.0,3682,6173,0.000000000000,0,0,1,4,False,"hashTableIterInit(&iter, &(dtd->prefixes));"
526,2104.0,3682,6174,0.000000000000,0,0,1,4,False,for (;;) {
526,2104.0,3682,6178,0.000000000000,0,0,1,4,False,PREFIX *prefix = (PREFIX *)hashTableIterNext(&iter);
526,2104.0,3682,6179,0.000000000000,0,0,1,4,False,if (!prefix)
526,2104.0,3682,6180,0.000000000000,0,0,1,4,False,break;
526,2104.0,3682,6181,0.000000000000,0,0,1,4,False,if (!prefix->binding) {
526,2104.0,3682,6188,0.000000000000,0,0,1,4,False,continue; /* LCOV_EXCL_LINE */
526,2104.0,3682,6190,0.000000000000,0,0,1,4,False,"if (needSep && !poolAppendChar(&parser->m_tempPool, CONTEXT_SEP))"
526,2104.0,3682,6191,0.000000000000,0,0,1,4,False,return NULL;
526,2104.0,3682,6192,0.000000000000,0,0,1,4,False,for (s = prefix->name; *s; s++)
526,2104.0,3682,6193,0.000000000000,0,0,1,4,False,"if (!poolAppendChar(&parser->m_tempPool, *s))"
526,2104.0,3682,6194,0.000000000000,0,0,1,4,False,return NULL;
526,2104.0,3682,6195,0.000000000000,0,0,1,4,False,"if (!poolAppendChar(&parser->m_tempPool, XML_T(ASCII_EQUALS)))"
526,2104.0,3682,6196,0.000000000000,0,0,1,4,False,return NULL;
526,2104.0,3682,6197,0.000000000000,0,0,1,4,False,len = prefix->binding->uriLen;
526,2104.0,3682,6198,0.000000000000,0,0,1,4,False,if (parser->m_namespaceSeparator)
526,2104.0,3682,6199,0.000000000000,0,0,1,4,False,len--;
526,2104.0,3682,6200,0.000000000000,0,0,1,4,False,for (i = 0; i < len; i++)
526,2104.0,3682,6201,0.000000000000,0,0,1,4,False,"if (!poolAppendChar(&parser->m_tempPool, prefix->binding->uri[i]))"
526,2104.0,3682,6202,0.000000000000,0,0,1,4,False,return NULL;
526,2104.0,3682,6203,0.000000000000,0,0,1,4,False,needSep = XML_TRUE;
526,2104.0,3682,6207,0.000000000000,0,0,1,4,False,"hashTableIterInit(&iter, &(dtd->generalEntities));"
526,2104.0,3682,6208,0.000000000000,0,0,1,4,False,for (;;) {
526,2104.0,3682,6210,0.000000000000,0,0,1,4,False,ENTITY *e = (ENTITY *)hashTableIterNext(&iter);
526,2104.0,3682,6211,0.000000000000,0,0,1,4,False,if (!e)
526,2104.0,3682,6212,0.000000000000,0,0,1,4,False,break;
526,2104.0,3682,6213,0.000000000000,0,0,1,4,False,if (!e->open)
526,2104.0,3682,6214,0.000000000000,0,0,1,4,False,continue;
526,2104.0,3682,6215,0.000000000000,0,0,1,4,False,"if (needSep && !poolAppendChar(&parser->m_tempPool, CONTEXT_SEP))"
526,2104.0,3682,6216,0.000000000000,0,0,1,4,False,return NULL;
526,2104.0,3682,6217,0.000000000000,0,0,1,4,False,for (s = e->name; *s; s++)
526,2104.0,3682,6218,0.000000000000,0,0,1,4,False,"if (!poolAppendChar(&parser->m_tempPool, *s))"
526,2104.0,3682,6219,0.000000000000,0,0,1,4,False,return 0;
526,2104.0,3682,6220,0.000000000000,0,0,1,4,False,needSep = XML_TRUE;
526,2104.0,3682,6223,0.000000000000,0,0,1,4,False,"if (!poolAppendChar(&parser->m_tempPool, XML_T('\0')))"
526,2104.0,3682,6224,0.000000000000,0,0,1,4,False,return NULL;
526,2104.0,3682,6225,0.000000000000,0,0,1,4,False,return parser->m_tempPool.start;
526,2104.0,3682,6229,0.000000000000,0,0,1,4,False,"setContext(XML_Parser parser, const XML_Char *context)"
526,2104.0,3682,6231,0.000000000000,0,0,1,4,False,DTD * const dtd = parser->m_dtd;  /* save one level of indirection */
526,2104.0,3682,6232,0.000000000000,0,0,1,4,False,const XML_Char *s = context;
526,2104.0,3682,6234,0.000000000000,0,0,1,4,False,while (*context != XML_T('\0')) {
526,2104.0,3682,6235,0.000000000000,0,0,1,4,False,if (*s == CONTEXT_SEP || *s == XML_T('\0')) {
526,2104.0,3682,6237,0.000000000000,0,0,1,4,False,"if (!poolAppendChar(&parser->m_tempPool, XML_T('\0')))"
526,2104.0,3682,6238,0.000000000000,0,0,1,4,False,return XML_FALSE;
526,2104.0,3682,6239,0.000000000000,0,0,1,4,False,"e = (ENTITY *)lookup(parser, &dtd->generalEntities, poolStart(&parser->m_tempPool), 0);"
526,2104.0,3682,6240,0.000000000000,0,0,1,4,False,if (e)
526,2104.0,3682,6241,0.000000000000,0,0,1,4,False,e->open = XML_TRUE;
526,2104.0,3682,6242,0.000000000000,0,0,1,4,False,if (*s != XML_T('\0'))
526,2104.0,3682,6243,0.000000000000,0,0,1,4,False,s++;
526,2104.0,3682,6244,0.000000000000,0,0,1,4,False,context = s;
526,2104.0,3682,6245,0.000000000000,0,0,1,4,False,poolDiscard(&parser->m_tempPool);
526,2104.0,3682,6247,0.000000000000,0,0,1,4,False,else if (*s == XML_T(ASCII_EQUALS)) {
526,2104.0,3682,6249,0.000000000000,0,0,1,4,False,if (poolLength(&parser->m_tempPool) == 0)
526,2104.0,3682,6250,0.000000000000,0,0,1,4,False,prefix = &dtd->defaultPrefix;
526,2104.0,3682,6252,0.000000000000,0,0,1,4,False,"if (!poolAppendChar(&parser->m_tempPool, XML_T('\0')))"
526,2104.0,3682,6253,0.000000000000,0,0,1,4,False,return XML_FALSE;
526,2104.0,3682,6254,0.000000000000,0,0,1,4,False,"prefix = (PREFIX *)lookup(parser, &dtd->prefixes, poolStart(&parser->m_tempPool),"
526,2104.0,3682,6256,0.000000000000,0,0,1,4,False,if (!prefix)
526,2104.0,3682,6257,0.000000000000,0,0,1,4,False,return XML_FALSE;
526,2104.0,3682,6258,0.000000000000,0,0,1,4,False,if (prefix->name == poolStart(&parser->m_tempPool)) {
526,2104.0,3682,6259,0.000000000000,0,0,1,4,False,"prefix->name = poolCopyString(&dtd->pool, prefix->name);"
526,2104.0,3682,6260,0.000000000000,0,0,1,4,False,if (!prefix->name)
526,2104.0,3682,6261,0.000000000000,0,0,1,4,False,return XML_FALSE;
526,2104.0,3682,6263,0.000000000000,0,0,1,4,False,poolDiscard(&parser->m_tempPool);
526,2104.0,3682,6265,0.000000000000,0,0,1,4,False,for (context = s + 1;
526,2104.0,3682,6266,0.000000000000,0,0,1,4,False,*context != CONTEXT_SEP && *context != XML_T('\0');
526,2104.0,3682,6267,0.000000000000,0,0,1,4,False,context++)
526,2104.0,3682,6268,0.000000000000,0,0,1,4,False,"if (!poolAppendChar(&parser->m_tempPool, *context))"
526,2104.0,3682,6269,0.000000000000,0,0,1,4,False,return XML_FALSE;
526,2104.0,3682,6270,0.000000000000,0,0,1,4,False,"if (!poolAppendChar(&parser->m_tempPool, XML_T('\0')))"
526,2104.0,3682,6271,0.000000000000,0,0,1,4,False,return XML_FALSE;
526,2104.0,3682,6272,0.000000000000,0,0,1,4,False,"if (addBinding(parser, prefix, NULL, poolStart(&parser->m_tempPool),"
526,2104.0,3682,6274,0.000000000000,0,0,1,4,False,return XML_FALSE;
526,2104.0,3682,6275,0.000000000000,0,0,1,4,False,poolDiscard(&parser->m_tempPool);
526,2104.0,3682,6276,0.000000000000,0,0,1,4,False,if (*context != XML_T('\0'))
526,2104.0,3682,6277,0.000000000000,0,0,1,4,False,++context;
526,2104.0,3682,6278,0.000000000000,0,0,1,4,False,s = context;
526,2104.0,3682,6281,0.000000000000,0,0,1,4,False,"if (!poolAppendChar(&parser->m_tempPool, *s))"
526,2104.0,3682,6282,0.000000000000,0,0,1,4,False,return XML_FALSE;
526,2104.0,3682,6283,0.000000000000,0,0,1,4,False,s++;
526,2104.0,3682,6286,0.000000000000,0,0,1,4,False,return XML_TRUE;
526,2104.0,3682,6290,0.000000000000,0,0,1,4,False,normalizePublicId(XML_Char *publicId)
526,2104.0,3682,6292,0.000000000000,0,0,1,4,False,XML_Char *p = publicId;
526,2104.0,3682,6294,0.000000000000,0,0,1,4,False,for (s = publicId; *s; s++) {
526,2104.0,3682,6295,0.000000000000,0,0,1,4,False,switch (*s) {
526,2104.0,3682,6296,0.000000000000,0,0,1,4,False,case 0x20:
526,2104.0,3682,6299,0.000000000000,0,0,1,4,False,if (p != publicId && p[-1] != 0x20)
526,2104.0,3682,6300,0.000000000000,0,0,1,4,False,*p++ = 0x20;
526,2104.0,3682,6301,0.000000000000,0,0,1,4,False,break;
526,2104.0,3682,6302,0.000000000000,0,0,1,4,False,default:
526,2104.0,3682,6303,0.000000000000,0,0,1,4,False,*p++ = *s;
526,2104.0,3682,6306,0.000000000000,0,0,1,4,False,if (p != publicId && p[-1] == 0x20)
526,2104.0,3682,6307,0.000000000000,0,0,1,4,False,--p;
526,2104.0,3682,6308,0.000000000000,0,0,1,4,False,*p = XML_T('\0');
526,2104.0,3682,6309,0.000000000000,0,0,1,4,False,}
526,2104.0,3682,6316,0.000000000000,0,0,1,4,False,return p;
526,2104.0,3682,6345,0.000000000000,0,0,1,4,False,"dtdReset(DTD *p, const XML_Memory_Handling_Suite *ms)"
526,2104.0,3682,6348,0.000000000000,0,0,1,4,False,"hashTableIterInit(&iter, &(p->elementTypes));"
526,2104.0,3682,6349,0.000000000000,0,0,1,4,False,for (;;) {
526,2104.0,3682,6350,0.000000000000,0,0,1,4,False,ELEMENT_TYPE *e = (ELEMENT_TYPE *)hashTableIterNext(&iter);
526,2104.0,3682,6351,0.000000000000,0,0,1,4,False,if (!e)
526,2104.0,3682,6352,0.000000000000,0,0,1,4,False,break;
526,2104.0,3682,6353,0.000000000000,0,0,1,4,False,if (e->allocDefaultAtts != 0)
526,2104.0,3682,6354,0.000000000000,0,0,1,4,False,ms->free_fcn(e->defaultAtts);
526,2104.0,3682,6356,0.000000000000,0,0,1,4,False,hashTableClear(&(p->generalEntities));
526,2104.0,3682,6358,0.000000000000,0,0,1,4,False,p->paramEntityRead = XML_FALSE;
526,2104.0,3682,6359,0.000000000000,0,0,1,4,False,hashTableClear(&(p->paramEntities));
526,2104.0,3682,6361,0.000000000000,0,0,1,4,False,hashTableClear(&(p->elementTypes));
526,2104.0,3682,6362,0.000000000000,0,0,1,4,False,hashTableClear(&(p->attributeIds));
526,2104.0,3682,6363,0.000000000000,0,0,1,4,False,hashTableClear(&(p->prefixes));
526,2104.0,3682,6364,0.000000000000,0,0,1,4,False,poolClear(&(p->pool));
526,2104.0,3682,6365,0.000000000000,0,0,1,4,False,poolClear(&(p->entityValuePool));
526,2104.0,3682,6366,0.000000000000,0,0,1,4,False,p->defaultPrefix.name = NULL;
526,2104.0,3682,6367,0.000000000000,0,0,1,4,False,p->defaultPrefix.binding = NULL;
526,2104.0,3682,6369,0.000000000000,0,0,1,4,False,p->in_eldecl = XML_FALSE;
526,2104.0,3682,6371,0.000000000000,0,0,1,4,False,ms->free_fcn(p->scaffIndex);
526,2104.0,3682,6372,0.000000000000,0,0,1,4,False,p->scaffIndex = NULL;
526,2104.0,3682,6373,0.000000000000,0,0,1,4,False,ms->free_fcn(p->scaffold);
526,2104.0,3682,6374,0.000000000000,0,0,1,4,False,p->scaffold = NULL;
526,2104.0,3682,6376,0.000000000000,0,0,1,4,False,p->scaffLevel = 0;
526,2104.0,3682,6377,0.000000000000,0,0,1,4,False,p->scaffSize = 0;
526,2104.0,3682,6378,0.000000000000,0,0,1,4,False,p->scaffCount = 0;
526,2104.0,3682,6379,0.000000000000,0,0,1,4,False,p->contentStringLen = 0;
526,2104.0,3682,6381,0.000000000000,0,0,1,4,False,p->keepProcessing = XML_TRUE;
526,2104.0,3682,6382,0.000000000000,0,0,1,4,False,p->hasParamEntityRefs = XML_FALSE;
526,2104.0,3682,6383,0.000000000000,0,0,1,4,False,p->standalone = XML_FALSE;
526,2104.0,3682,6384,0.000000000000,0,0,1,4,False,}
526,2104.0,3682,6396,0.000000000000,0,0,1,4,False,ms->free_fcn(e->defaultAtts);
526,2104.0,3682,6418,0.000000000000,0,0,1,4,False,"dtdCopy(XML_Parser oldParser, DTD *newDtd, const DTD *oldDtd, const XML_Memory_Handling_Suite *ms)"
526,2104.0,3682,6424,0.000000000000,0,0,1,4,False,"hashTableIterInit(&iter, &(oldDtd->prefixes));"
526,2104.0,3682,6425,0.000000000000,0,0,1,4,False,for (;;) {
526,2104.0,3682,6427,0.000000000000,0,0,1,4,False,const PREFIX *oldP = (PREFIX *)hashTableIterNext(&iter);
526,2104.0,3682,6428,0.000000000000,0,0,1,4,False,if (!oldP)
526,2104.0,3682,6429,0.000000000000,0,0,1,4,False,break;
526,2104.0,3682,6430,0.000000000000,0,0,1,4,False,"name = poolCopyString(&(newDtd->pool), oldP->name);"
526,2104.0,3682,6431,0.000000000000,0,0,1,4,False,if (!name)
526,2104.0,3682,6432,0.000000000000,0,0,1,4,False,return 0;
526,2104.0,3682,6433,0.000000000000,0,0,1,4,False,"if (!lookup(oldParser, &(newDtd->prefixes), name, sizeof(PREFIX)))"
526,2104.0,3682,6434,0.000000000000,0,0,1,4,False,return 0;
526,2104.0,3682,6437,0.000000000000,0,0,1,4,False,"hashTableIterInit(&iter, &(oldDtd->attributeIds));"
526,2104.0,3682,6441,0.000000000000,0,0,1,4,False,for (;;) {
526,2104.0,3682,6444,0.000000000000,0,0,1,4,False,const ATTRIBUTE_ID *oldA = (ATTRIBUTE_ID *)hashTableIterNext(&iter);
526,2104.0,3682,6446,0.000000000000,0,0,1,4,False,if (!oldA)
526,2104.0,3682,6447,0.000000000000,0,0,1,4,False,break;
526,2104.0,3682,6449,0.000000000000,0,0,1,4,False,"if (!poolAppendChar(&(newDtd->pool), XML_T('\0')))"
526,2104.0,3682,6450,0.000000000000,0,0,1,4,False,return 0;
526,2104.0,3682,6451,0.000000000000,0,0,1,4,False,"name = poolCopyString(&(newDtd->pool), oldA->name);"
526,2104.0,3682,6452,0.000000000000,0,0,1,4,False,if (!name)
526,2104.0,3682,6453,0.000000000000,0,0,1,4,False,return 0;
526,2104.0,3682,6454,0.000000000000,0,0,1,4,False,++name;
526,2104.0,3682,6455,0.000000000000,0,0,1,4,False,"newA = (ATTRIBUTE_ID *)lookup(oldParser, &(newDtd->attributeIds), name,"
526,2104.0,3682,6457,0.000000000000,0,0,1,4,False,if (!newA)
526,2104.0,3682,6458,0.000000000000,0,0,1,4,False,return 0;
526,2104.0,3682,6459,0.000000000000,0,0,1,4,False,newA->maybeTokenized = oldA->maybeTokenized;
526,2104.0,3682,6460,0.000000000000,0,0,1,4,False,if (oldA->prefix) {
526,2104.0,3682,6461,0.000000000000,0,0,1,4,False,newA->xmlns = oldA->xmlns;
526,2104.0,3682,6462,0.000000000000,0,0,1,4,False,if (oldA->prefix == &oldDtd->defaultPrefix)
526,2104.0,3682,6463,0.000000000000,0,0,1,4,False,newA->prefix = &newDtd->defaultPrefix;
526,2104.0,3682,6465,0.000000000000,0,0,1,4,False,"newA->prefix = (PREFIX *)lookup(oldParser, &(newDtd->prefixes),"
526,2104.0,3682,6466,0.000000000000,0,0,1,4,False,"oldA->prefix->name, 0);"
526,2104.0,3682,6472,0.000000000000,0,0,1,4,False,"hashTableIterInit(&iter, &(oldDtd->elementTypes));"
526,2104.0,3682,6474,0.000000000000,0,0,1,4,False,for (;;) {
526,2104.0,3682,6478,0.000000000000,0,0,1,4,False,const ELEMENT_TYPE *oldE = (ELEMENT_TYPE *)hashTableIterNext(&iter);
526,2104.0,3682,6479,0.000000000000,0,0,1,4,False,if (!oldE)
526,2104.0,3682,6480,0.000000000000,0,0,1,4,False,break;
526,2104.0,3682,6481,0.000000000000,0,0,1,4,False,"name = poolCopyString(&(newDtd->pool), oldE->name);"
526,2104.0,3682,6482,0.000000000000,0,0,1,4,False,if (!name)
526,2104.0,3682,6483,0.000000000000,0,0,1,4,False,return 0;
526,2104.0,3682,6484,0.000000000000,0,0,1,4,False,"newE = (ELEMENT_TYPE *)lookup(oldParser, &(newDtd->elementTypes), name,"
526,2104.0,3682,6486,0.000000000000,0,0,1,4,False,if (!newE)
526,2104.0,3682,6487,0.000000000000,0,0,1,4,False,return 0;
526,2104.0,3682,6488,0.000000000000,0,0,1,4,False,if (oldE->nDefaultAtts) {
526,2104.0,3682,6489,0.000000000000,0,0,1,4,False,newE->defaultAtts = (DEFAULT_ATTRIBUTE *)
526,2104.0,3682,6490,0.000000000000,0,0,1,4,False,ms->malloc_fcn(oldE->nDefaultAtts * sizeof(DEFAULT_ATTRIBUTE));
526,2104.0,3682,6491,0.000000000000,0,0,1,4,False,if (!newE->defaultAtts) {
526,2104.0,3682,6492,0.000000000000,0,0,1,4,False,return 0;
526,2104.0,3682,6495,0.000000000000,0,0,1,4,False,if (oldE->idAtt)
526,2104.0,3682,6496,0.000000000000,0,0,1,4,False,newE->idAtt = (ATTRIBUTE_ID *)
526,2104.0,3682,6497,0.000000000000,0,0,1,4,False,"lookup(oldParser, &(newDtd->attributeIds), oldE->idAtt->name, 0);"
526,2104.0,3682,6498,0.000000000000,0,0,1,4,False,newE->allocDefaultAtts = newE->nDefaultAtts = oldE->nDefaultAtts;
526,2104.0,3682,6499,0.000000000000,0,0,1,4,False,if (oldE->prefix)
526,2104.0,3682,6500,0.000000000000,0,0,1,4,False,"newE->prefix = (PREFIX *)lookup(oldParser, &(newDtd->prefixes),"
526,2104.0,3682,6501,0.000000000000,0,0,1,4,False,"oldE->prefix->name, 0);"
526,2104.0,3682,6502,0.000000000000,0,0,1,4,False,for (i = 0; i < newE->nDefaultAtts; i++) {
526,2104.0,3682,6503,0.000000000000,0,0,1,4,False,newE->defaultAtts[i].id = (ATTRIBUTE_ID *)
526,2104.0,3682,6504,0.000000000000,0,0,1,4,False,"lookup(oldParser, &(newDtd->attributeIds), oldE->defaultAtts[i].id->name, 0);"
526,2104.0,3682,6505,0.000000000000,0,0,1,4,False,newE->defaultAtts[i].isCdata = oldE->defaultAtts[i].isCdata;
526,2104.0,3682,6506,0.000000000000,0,0,1,4,False,if (oldE->defaultAtts[i].value) {
526,2104.0,3682,6507,0.000000000000,0,0,1,4,False,newE->defaultAtts[i].value
526,2104.0,3682,6508,0.000000000000,0,0,1,4,False,"= poolCopyString(&(newDtd->pool), oldE->defaultAtts[i].value);"
526,2104.0,3682,6509,0.000000000000,0,0,1,4,False,if (!newE->defaultAtts[i].value)
526,2104.0,3682,6510,0.000000000000,0,0,1,4,False,return 0;
526,2104.0,3682,6513,0.000000000000,0,0,1,4,False,newE->defaultAtts[i].value = NULL;
526,2104.0,3682,6518,0.000000000000,0,0,1,4,False,"if (!copyEntityTable(oldParser,"
526,2104.0,3682,6522,0.000000000000,0,0,1,4,False,return 0;
526,2104.0,3682,6525,0.000000000000,0,0,1,4,False,"if (!copyEntityTable(oldParser,"
526,2104.0,3682,6529,0.000000000000,0,0,1,4,False,return 0;
526,2104.0,3682,6530,0.000000000000,0,0,1,4,False,newDtd->paramEntityRead = oldDtd->paramEntityRead;
526,2104.0,3682,6533,0.000000000000,0,0,1,4,False,newDtd->keepProcessing = oldDtd->keepProcessing;
526,2104.0,3682,6534,0.000000000000,0,0,1,4,False,newDtd->hasParamEntityRefs = oldDtd->hasParamEntityRefs;
526,2104.0,3682,6535,0.000000000000,0,0,1,4,False,newDtd->standalone = oldDtd->standalone;
526,2104.0,3682,6538,0.000000000000,0,0,1,4,False,newDtd->in_eldecl = oldDtd->in_eldecl;
526,2104.0,3682,6539,0.000000000000,0,0,1,4,False,newDtd->scaffold = oldDtd->scaffold;
526,2104.0,3682,6540,0.000000000000,0,0,1,4,False,newDtd->contentStringLen = oldDtd->contentStringLen;
526,2104.0,3682,6541,0.000000000000,0,0,1,4,False,newDtd->scaffSize = oldDtd->scaffSize;
526,2104.0,3682,6542,0.000000000000,0,0,1,4,False,newDtd->scaffLevel = oldDtd->scaffLevel;
526,2104.0,3682,6543,0.000000000000,0,0,1,4,False,newDtd->scaffIndex = oldDtd->scaffIndex;
526,2104.0,3682,6545,0.000000000000,0,0,1,4,False,return 1;
526,2104.0,3682,6549,0.000000000000,0,0,1,4,False,"copyEntityTable(XML_Parser oldParser,"
526,2104.0,3682,6555,0.000000000000,0,0,1,4,False,const XML_Char *cachedOldBase = NULL;
526,2104.0,3682,6556,0.000000000000,0,0,1,4,False,const XML_Char *cachedNewBase = NULL;
526,2104.0,3682,6558,0.000000000000,0,0,1,4,False,"hashTableIterInit(&iter, oldTable);"
526,2104.0,3682,6560,0.000000000000,0,0,1,4,False,for (;;) {
526,2104.0,3682,6563,0.000000000000,0,0,1,4,False,const ENTITY *oldE = (ENTITY *)hashTableIterNext(&iter);
526,2104.0,3682,6564,0.000000000000,0,0,1,4,False,if (!oldE)
526,2104.0,3682,6565,0.000000000000,0,0,1,4,False,break;
526,2104.0,3682,6566,0.000000000000,0,0,1,4,False,"name = poolCopyString(newPool, oldE->name);"
526,2104.0,3682,6567,0.000000000000,0,0,1,4,False,if (!name)
526,2104.0,3682,6568,0.000000000000,0,0,1,4,False,return 0;
526,2104.0,3682,6569,0.000000000000,0,0,1,4,False,"newE = (ENTITY *)lookup(oldParser, newTable, name, sizeof(ENTITY));"
526,2104.0,3682,6570,0.000000000000,0,0,1,4,False,if (!newE)
526,2104.0,3682,6571,0.000000000000,0,0,1,4,False,return 0;
526,2104.0,3682,6572,0.000000000000,0,0,1,4,False,if (oldE->systemId) {
526,2104.0,3682,6573,0.000000000000,0,0,1,4,False,"const XML_Char *tem = poolCopyString(newPool, oldE->systemId);"
526,2104.0,3682,6574,0.000000000000,0,0,1,4,False,if (!tem)
526,2104.0,3682,6575,0.000000000000,0,0,1,4,False,return 0;
526,2104.0,3682,6576,0.000000000000,0,0,1,4,False,newE->systemId = tem;
526,2104.0,3682,6577,0.000000000000,0,0,1,4,False,if (oldE->base) {
526,2104.0,3682,6578,0.000000000000,0,0,1,4,False,if (oldE->base == cachedOldBase)
526,2104.0,3682,6579,0.000000000000,0,0,1,4,False,newE->base = cachedNewBase;
526,2104.0,3682,6581,0.000000000000,0,0,1,4,False,cachedOldBase = oldE->base;
526,2104.0,3682,6582,0.000000000000,0,0,1,4,False,"tem = poolCopyString(newPool, cachedOldBase);"
526,2104.0,3682,6583,0.000000000000,0,0,1,4,False,if (!tem)
526,2104.0,3682,6584,0.000000000000,0,0,1,4,False,return 0;
526,2104.0,3682,6585,0.000000000000,0,0,1,4,False,cachedNewBase = newE->base = tem;
526,2104.0,3682,6588,0.000000000000,0,0,1,4,False,if (oldE->publicId) {
526,2104.0,3682,6589,0.000000000000,0,0,1,4,False,"tem = poolCopyString(newPool, oldE->publicId);"
526,2104.0,3682,6590,0.000000000000,0,0,1,4,False,if (!tem)
526,2104.0,3682,6591,0.000000000000,0,0,1,4,False,return 0;
526,2104.0,3682,6592,0.000000000000,0,0,1,4,False,newE->publicId = tem;
526,2104.0,3682,6596,0.000000000000,0,0,1,4,False,"const XML_Char *tem = poolCopyStringN(newPool, oldE->textPtr,"
526,2104.0,3682,6597,0.000000000000,0,0,1,4,False,oldE->textLen);
526,2104.0,3682,6598,0.000000000000,0,0,1,4,False,if (!tem)
526,2104.0,3682,6599,0.000000000000,0,0,1,4,False,return 0;
526,2104.0,3682,6600,0.000000000000,0,0,1,4,False,newE->textPtr = tem;
526,2104.0,3682,6601,0.000000000000,0,0,1,4,False,newE->textLen = oldE->textLen;
526,2104.0,3682,6603,0.000000000000,0,0,1,4,False,if (oldE->notation) {
526,2104.0,3682,6604,0.000000000000,0,0,1,4,False,"const XML_Char *tem = poolCopyString(newPool, oldE->notation);"
526,2104.0,3682,6605,0.000000000000,0,0,1,4,False,if (!tem)
526,2104.0,3682,6606,0.000000000000,0,0,1,4,False,return 0;
526,2104.0,3682,6607,0.000000000000,0,0,1,4,False,newE->notation = tem;
526,2104.0,3682,6609,0.000000000000,0,0,1,4,False,newE->is_param = oldE->is_param;
526,2104.0,3682,6610,0.000000000000,0,0,1,4,False,newE->is_internal = oldE->is_internal;
526,2104.0,3682,6612,0.000000000000,0,0,1,4,False,return 1;
526,2104.0,3682,6618,0.000000000000,0,0,1,4,False,"keyeq(KEY s1, KEY s2)"
526,2104.0,3682,6620,0.000000000000,0,0,1,4,False,"for (; *s1 == *s2; s1++, s2++)"
526,2104.0,3682,6621,0.000000000000,0,0,1,4,False,if (*s1 == 0)
526,2104.0,3682,6622,0.000000000000,0,0,1,4,False,return XML_TRUE;
526,2104.0,3682,6623,0.000000000000,0,0,1,4,False,return XML_FALSE;
526,2104.0,3682,6668,0.000000000000,0,0,1,4,False,table->size = 0;
526,2104.0,3682,6669,0.000000000000,0,0,1,4,False,return NULL;
526,2104.0,3682,6675,0.000000000000,0,0,1,4,False,"unsigned long h = hash(parser, name);"
526,2104.0,3682,6676,0.000000000000,0,0,1,4,False,unsigned long mask = (unsigned long)table->size - 1;
526,2104.0,3682,6677,0.000000000000,0,0,1,4,False,unsigned char step = 0;
526,2104.0,3682,6678,0.000000000000,0,0,1,4,False,i = h & mask;
526,2104.0,3682,6679,0.000000000000,0,0,1,4,False,while (table->v[i]) {
526,2104.0,3682,6680,0.000000000000,0,0,1,4,False,"if (keyeq(name, table->v[i]->name))"
526,2104.0,3682,6681,0.000000000000,0,0,1,4,False,return table->v[i];
526,2104.0,3682,6682,0.000000000000,0,0,1,4,False,if (!step)
526,2104.0,3682,6683,0.000000000000,0,0,1,4,False,"step = PROBE_STEP(h, mask, table->power);"
526,2104.0,3682,6684,0.000000000000,0,0,1,4,False,i < step ? (i += table->size - step) : (i -= step);
526,2104.0,3682,6686,0.000000000000,0,0,1,4,False,if (!createSize)
526,2104.0,3682,6687,0.000000000000,0,0,1,4,False,return NULL;
526,2104.0,3682,6690,0.000000000000,0,0,1,4,False,if (table->used >> (table->power - 1)) {
526,2104.0,3682,6691,0.000000000000,0,0,1,4,False,unsigned char newPower = table->power + 1;
526,2104.0,3682,6692,0.000000000000,0,0,1,4,False,size_t newSize = (size_t)1 << newPower;
526,2104.0,3682,6693,0.000000000000,0,0,1,4,False,unsigned long newMask = (unsigned long)newSize - 1;
526,2104.0,3682,6694,0.000000000000,0,0,1,4,False,size_t tsize = newSize * sizeof(NAMED *);
526,2104.0,3682,6695,0.000000000000,0,0,1,4,False,NAMED **newV = (NAMED **)table->mem->malloc_fcn(tsize);
526,2104.0,3682,6696,0.000000000000,0,0,1,4,False,if (!newV)
526,2104.0,3682,6697,0.000000000000,0,0,1,4,False,return NULL;
526,2104.0,3682,6698,0.000000000000,0,0,1,4,False,"memset(newV, 0, tsize);"
526,2104.0,3682,6699,0.000000000000,0,0,1,4,False,for (i = 0; i < table->size; i++)
526,2104.0,3682,6700,0.000000000000,0,0,1,4,False,if (table->v[i]) {
526,2104.0,3682,6701,0.000000000000,0,0,1,4,False,"unsigned long newHash = hash(parser, table->v[i]->name);"
526,2104.0,3682,6702,0.000000000000,0,0,1,4,False,size_t j = newHash & newMask;
526,2104.0,3682,6703,0.000000000000,0,0,1,4,False,step = 0;
526,2104.0,3682,6704,0.000000000000,0,0,1,4,False,while (newV[j]) {
526,2104.0,3682,6705,0.000000000000,0,0,1,4,False,if (!step)
526,2104.0,3682,6706,0.000000000000,0,0,1,4,False,"step = PROBE_STEP(newHash, newMask, newPower);"
526,2104.0,3682,6707,0.000000000000,0,0,1,4,False,j < step ? (j += newSize - step) : (j -= step);
526,2104.0,3682,6709,0.000000000000,0,0,1,4,False,newV[j] = table->v[i];
526,2104.0,3682,6711,0.000000000000,0,0,1,4,False,table->mem->free_fcn(table->v);
526,2104.0,3682,6712,0.000000000000,0,0,1,4,False,table->v = newV;
526,2104.0,3682,6713,0.000000000000,0,0,1,4,False,table->power = newPower;
526,2104.0,3682,6714,0.000000000000,0,0,1,4,False,table->size = newSize;
526,2104.0,3682,6715,0.000000000000,0,0,1,4,False,i = h & newMask;
526,2104.0,3682,6716,0.000000000000,0,0,1,4,False,step = 0;
526,2104.0,3682,6717,0.000000000000,0,0,1,4,False,while (table->v[i]) {
526,2104.0,3682,6718,0.000000000000,0,0,1,4,False,if (!step)
526,2104.0,3682,6719,0.000000000000,0,0,1,4,False,"step = PROBE_STEP(h, newMask, newPower);"
526,2104.0,3682,6720,0.000000000000,0,0,1,4,False,i < step ? (i += newSize - step) : (i -= step);
526,2104.0,3682,6726,0.000000000000,0,0,1,4,False,return NULL;
526,2104.0,3682,6734,0.000000000000,0,0,1,4,False,hashTableClear(HASH_TABLE *table)
526,2104.0,3682,6737,0.000000000000,0,0,1,4,False,for (i = 0; i < table->size; i++) {
526,2104.0,3682,6738,0.000000000000,0,0,1,4,False,table->mem->free_fcn(table->v[i]);
526,2104.0,3682,6739,0.000000000000,0,0,1,4,False,table->v[i] = NULL;
526,2104.0,3682,6741,0.000000000000,0,0,1,4,False,table->used = 0;
526,2104.0,3682,6742,0.000000000000,0,0,1,4,False,}
526,2104.0,3682,6798,0.000000000000,0,0,1,4,False,BLOCK *p = pool->blocks;
526,2104.0,3682,6799,0.000000000000,0,0,1,4,False,while (p) {
526,2104.0,3682,6800,0.000000000000,0,0,1,4,False,BLOCK *tem = p->next;
526,2104.0,3682,6801,0.000000000000,0,0,1,4,False,p->next = pool->freeBlocks;
526,2104.0,3682,6802,0.000000000000,0,0,1,4,False,pool->freeBlocks = p;
526,2104.0,3682,6803,0.000000000000,0,0,1,4,False,p = tem;
526,2104.0,3682,6834,0.000000000000,0,0,1,4,False,return NULL;
526,2104.0,3682,6835,0.000000000000,0,0,1,4,False,for (;;) {
526,2104.0,3682,6839,0.000000000000,0,0,1,4,False,if (!poolGrow(pool))
526,2104.0,3682,6840,0.000000000000,0,0,1,4,False,return NULL;
526,2104.0,3682,6850,0.000000000000,0,0,1,4,False,return NULL;
526,2104.0,3682,6858,0.000000000000,0,0,1,4,False,"poolCopyStringN(STRING_POOL *pool, const XML_Char *s, int n)"
526,2104.0,3682,6860,0.000000000000,0,0,1,4,False,if (!pool->ptr && !poolGrow(pool)) {
526,2104.0,3682,6872,0.000000000000,0,0,1,4,False,return NULL; /* LCOV_EXCL_LINE */
526,2104.0,3682,6874,0.000000000000,0,0,1,4,False,"for (; n > 0; --n, s++) {"
526,2104.0,3682,6875,0.000000000000,0,0,1,4,False,"if (!poolAppendChar(pool, *s))"
526,2104.0,3682,6876,0.000000000000,0,0,1,4,False,return NULL;
526,2104.0,3682,6878,0.000000000000,0,0,1,4,False,s = pool->start;
526,2104.0,3682,6879,0.000000000000,0,0,1,4,False,poolFinish(pool);
526,2104.0,3682,6880,0.000000000000,0,0,1,4,False,return s;
526,2104.0,3682,6884,0.000000000000,0,0,1,4,False,"poolAppendString(STRING_POOL *pool, const XML_Char *s)"
526,2104.0,3682,6886,0.000000000000,0,0,1,4,False,while (*s) {
526,2104.0,3682,6887,0.000000000000,0,0,1,4,False,"if (!poolAppendChar(pool, *s))"
526,2104.0,3682,6888,0.000000000000,0,0,1,4,False,return NULL;
526,2104.0,3682,6889,0.000000000000,0,0,1,4,False,s++;
526,2104.0,3682,6891,0.000000000000,0,0,1,4,False,return pool->start;
526,2104.0,3682,6899,0.000000000000,0,0,1,4,False,return NULL;
526,2104.0,3682,6901,0.000000000000,0,0,1,4,False,return NULL;
526,2104.0,3682,6919,0.000000000000,0,0,1,4,False,return 0;
526,2104.0,3682,6922,0.000000000000,0,0,1,4,False,return 0;
526,2104.0,3682,6929,0.000000000000,0,0,1,4,False,return 0;
526,2104.0,3682,6939,0.000000000000,0,0,1,4,False,if (pool->start == 0) {
526,2104.0,3682,6940,0.000000000000,0,0,1,4,False,pool->blocks = pool->freeBlocks;
526,2104.0,3682,6941,0.000000000000,0,0,1,4,False,pool->freeBlocks = pool->freeBlocks->next;
526,2104.0,3682,6942,0.000000000000,0,0,1,4,False,pool->blocks->next = NULL;
526,2104.0,3682,6943,0.000000000000,0,0,1,4,False,pool->start = pool->blocks->s;
526,2104.0,3682,6944,0.000000000000,0,0,1,4,False,pool->end = pool->start + pool->blocks->size;
526,2104.0,3682,6945,0.000000000000,0,0,1,4,False,pool->ptr = pool->start;
526,2104.0,3682,6946,0.000000000000,0,0,1,4,False,return XML_TRUE;
526,2104.0,3682,6948,0.000000000000,0,0,1,4,False,if (pool->end - pool->start < pool->freeBlocks->size) {
526,2104.0,3682,6949,0.000000000000,0,0,1,4,False,BLOCK *tem = pool->freeBlocks->next;
526,2104.0,3682,6950,0.000000000000,0,0,1,4,False,pool->freeBlocks->next = pool->blocks;
526,2104.0,3682,6951,0.000000000000,0,0,1,4,False,pool->blocks = pool->freeBlocks;
526,2104.0,3682,6952,0.000000000000,0,0,1,4,False,pool->freeBlocks = tem;
526,2104.0,3682,6953,0.000000000000,0,0,1,4,False,"memcpy(pool->blocks->s, pool->start,"
526,2104.0,3682,6954,0.000000000000,0,0,1,4,False,(pool->end - pool->start) * sizeof(XML_Char));
526,2104.0,3682,6955,0.000000000000,0,0,1,4,False,pool->ptr = pool->blocks->s + (pool->ptr - pool->start);
526,2104.0,3682,6956,0.000000000000,0,0,1,4,False,pool->start = pool->blocks->s;
526,2104.0,3682,6957,0.000000000000,0,0,1,4,False,pool->end = pool->start + pool->blocks->size;
526,2104.0,3682,6958,0.000000000000,0,0,1,4,False,return XML_TRUE;
526,2104.0,3682,6963,0.000000000000,0,0,1,4,False,int blockSize = (int)((unsigned)(pool->end - pool->start)*2U);
526,2104.0,3682,6968,0.000000000000,0,0,1,4,False,const ptrdiff_t offsetInsideBlock = pool->ptr - pool->start;
526,2104.0,3682,6970,0.000000000000,0,0,1,4,False,if (blockSize < 0) {
526,2104.0,3682,6977,0.000000000000,0,0,1,4,False,return XML_FALSE; /* LCOV_EXCL_LINE */
526,2104.0,3682,6980,0.000000000000,0,0,1,4,False,bytesToAllocate = poolBytesToAllocateFor(blockSize);
526,2104.0,3682,6981,0.000000000000,0,0,1,4,False,if (bytesToAllocate == 0)
526,2104.0,3682,6982,0.000000000000,0,0,1,4,False,return XML_FALSE;
526,2104.0,3682,6985,0.000000000000,0,0,1,4,False,"pool->mem->realloc_fcn(pool->blocks, (unsigned)bytesToAllocate);"
526,2104.0,3682,6986,0.000000000000,0,0,1,4,False,if (temp == NULL)
526,2104.0,3682,6987,0.000000000000,0,0,1,4,False,return XML_FALSE;
526,2104.0,3682,6988,0.000000000000,0,0,1,4,False,pool->blocks = temp;
526,2104.0,3682,6989,0.000000000000,0,0,1,4,False,pool->blocks->size = blockSize;
526,2104.0,3682,6990,0.000000000000,0,0,1,4,False,pool->ptr = pool->blocks->s + offsetInsideBlock;
526,2104.0,3682,6991,0.000000000000,0,0,1,4,False,pool->start = pool->blocks->s;
526,2104.0,3682,6992,0.000000000000,0,0,1,4,False,pool->end = pool->start + blockSize;
526,2104.0,3682,7009,0.000000000000,0,0,1,4,False,return XML_FALSE;  /* LCOV_EXCL_LINE */
526,2104.0,3682,7016,0.000000000000,0,0,1,4,False,if ((int)((unsigned)blockSize * 2U) < 0) {
526,2104.0,3682,7017,0.000000000000,0,0,1,4,False,return XML_FALSE;
526,2104.0,3682,7019,0.000000000000,0,0,1,4,False,blockSize *= 2;
526,2104.0,3682,7024,0.000000000000,0,0,1,4,False,return XML_FALSE;
526,2104.0,3682,7028,0.000000000000,0,0,1,4,False,return XML_FALSE;
526,2104.0,3682,7033,0.000000000000,0,0,1,4,False,"memcpy(tem->s, pool->start,"
526,2104.0,3682,7034,0.000000000000,0,0,1,4,False,(pool->ptr - pool->start) * sizeof(XML_Char));
526,2104.0,3682,7043,0.000000000000,0,0,1,4,False,nextScaffoldPart(XML_Parser parser)
526,2104.0,3682,7045,0.000000000000,0,0,1,4,False,DTD * const dtd = parser->m_dtd;  /* save one level of indirection */
526,2104.0,3682,7049,0.000000000000,0,0,1,4,False,if (!dtd->scaffIndex) {
526,2104.0,3682,7050,0.000000000000,0,0,1,4,False,"dtd->scaffIndex = (int *)MALLOC(parser, parser->m_groupSize * sizeof(int));"
526,2104.0,3682,7051,0.000000000000,0,0,1,4,False,if (!dtd->scaffIndex)
526,2104.0,3682,7052,0.000000000000,0,0,1,4,False,return -1;
526,2104.0,3682,7053,0.000000000000,0,0,1,4,False,dtd->scaffIndex[0] = 0;
526,2104.0,3682,7056,0.000000000000,0,0,1,4,False,if (dtd->scaffCount >= dtd->scaffSize) {
526,2104.0,3682,7058,0.000000000000,0,0,1,4,False,if (dtd->scaffold) {
526,2104.0,3682,7060,0.000000000000,0,0,1,4,False,"REALLOC(parser, dtd->scaffold, dtd->scaffSize * 2 * sizeof(CONTENT_SCAFFOLD));"
526,2104.0,3682,7061,0.000000000000,0,0,1,4,False,if (temp == NULL)
526,2104.0,3682,7062,0.000000000000,0,0,1,4,False,return -1;
526,2104.0,3682,7063,0.000000000000,0,0,1,4,False,dtd->scaffSize *= 2;
526,2104.0,3682,7066,0.000000000000,0,0,1,4,False,"temp = (CONTENT_SCAFFOLD *)MALLOC(parser, INIT_SCAFFOLD_ELEMENTS"
526,2104.0,3682,7068,0.000000000000,0,0,1,4,False,if (temp == NULL)
526,2104.0,3682,7069,0.000000000000,0,0,1,4,False,return -1;
526,2104.0,3682,7070,0.000000000000,0,0,1,4,False,dtd->scaffSize = INIT_SCAFFOLD_ELEMENTS;
526,2104.0,3682,7072,0.000000000000,0,0,1,4,False,dtd->scaffold = temp;
526,2104.0,3682,7074,0.000000000000,0,0,1,4,False,next = dtd->scaffCount++;
526,2104.0,3682,7075,0.000000000000,0,0,1,4,False,me = &dtd->scaffold[next];
526,2104.0,3682,7076,0.000000000000,0,0,1,4,False,if (dtd->scaffLevel) {
526,2104.0,3682,7077,0.000000000000,0,0,1,4,False,CONTENT_SCAFFOLD *parent = &dtd->scaffold[dtd->scaffIndex[dtd->scaffLevel-1]];
526,2104.0,3682,7078,0.000000000000,0,0,1,4,False,if (parent->lastchild) {
526,2104.0,3682,7079,0.000000000000,0,0,1,4,False,dtd->scaffold[parent->lastchild].nextsib = next;
526,2104.0,3682,7081,0.000000000000,0,0,1,4,False,if (!parent->childcnt)
526,2104.0,3682,7082,0.000000000000,0,0,1,4,False,parent->firstchild = next;
526,2104.0,3682,7083,0.000000000000,0,0,1,4,False,parent->lastchild = next;
526,2104.0,3682,7084,0.000000000000,0,0,1,4,False,parent->childcnt++;
526,2104.0,3682,7086,0.000000000000,0,0,1,4,False,me->firstchild = me->lastchild = me->childcnt = me->nextsib = 0;
526,2104.0,3682,7087,0.000000000000,0,0,1,4,False,return next;
526,2104.0,3682,7091,0.000000000000,0,0,1,4,False,"build_node(XML_Parser parser,"
526,2104.0,3682,7097,0.000000000000,0,0,1,4,False,DTD * const dtd = parser->m_dtd;  /* save one level of indirection */
526,2104.0,3682,7098,0.000000000000,0,0,1,4,False,dest->type = dtd->scaffold[src_node].type;
526,2104.0,3682,7099,0.000000000000,0,0,1,4,False,dest->quant = dtd->scaffold[src_node].quant;
526,2104.0,3682,7100,0.000000000000,0,0,1,4,False,if (dest->type == XML_CTYPE_NAME) {
526,2104.0,3682,7102,0.000000000000,0,0,1,4,False,dest->name = *strpos;
526,2104.0,3682,7103,0.000000000000,0,0,1,4,False,src = dtd->scaffold[src_node].name;
526,2104.0,3682,7105,0.000000000000,0,0,1,4,False,*(*strpos)++ = *src;
526,2104.0,3682,7106,0.000000000000,0,0,1,4,False,if (!*src)
526,2104.0,3682,7107,0.000000000000,0,0,1,4,False,break;
526,2104.0,3682,7108,0.000000000000,0,0,1,4,False,src++;
526,2104.0,3682,7110,0.000000000000,0,0,1,4,False,dest->numchildren = 0;
526,2104.0,3682,7111,0.000000000000,0,0,1,4,False,dest->children = NULL;
526,2104.0,3682,7116,0.000000000000,0,0,1,4,False,dest->numchildren = dtd->scaffold[src_node].childcnt;
526,2104.0,3682,7117,0.000000000000,0,0,1,4,False,dest->children = *contpos;
526,2104.0,3682,7118,0.000000000000,0,0,1,4,False,*contpos += dest->numchildren;
526,2104.0,3682,7119,0.000000000000,0,0,1,4,False,"for (i = 0, cn = dtd->scaffold[src_node].firstchild;"
526,2104.0,3682,7120,0.000000000000,0,0,1,4,False,i < dest->numchildren;
526,2104.0,3682,7121,0.000000000000,0,0,1,4,False,"i++, cn = dtd->scaffold[cn].nextsib) {"
526,2104.0,3682,7122,0.000000000000,0,0,1,4,False,"build_node(parser, cn, &(dest->children[i]), contpos, strpos);"
526,2104.0,3682,7124,0.000000000000,0,0,1,4,False,dest->name = NULL;
526,2104.0,3682,7126,0.000000000000,0,0,1,4,False,}
526,2104.0,3682,7129,0.000000000000,0,0,1,4,False,build_model (XML_Parser parser)
526,2104.0,3682,7131,0.000000000000,0,0,1,4,False,DTD * const dtd = parser->m_dtd;  /* save one level of indirection */
526,2104.0,3682,7135,0.000000000000,0,0,1,4,False,int allocsize = (dtd->scaffCount * sizeof(XML_Content)
526,2104.0,3682,7136,0.000000000000,0,0,1,4,False,+ (dtd->contentStringLen * sizeof(XML_Char)));
526,2104.0,3682,7138,0.000000000000,0,0,1,4,False,"ret = (XML_Content *)MALLOC(parser, allocsize);"
526,2104.0,3682,7139,0.000000000000,0,0,1,4,False,if (!ret)
526,2104.0,3682,7140,0.000000000000,0,0,1,4,False,return NULL;
526,2104.0,3682,7142,0.000000000000,0,0,1,4,False,str =  (XML_Char *) (&ret[dtd->scaffCount]);
526,2104.0,3682,7143,0.000000000000,0,0,1,4,False,cpos = &ret[1];
526,2104.0,3682,7145,0.000000000000,0,0,1,4,False,"build_node(parser, 0, ret, &cpos, &str);"
526,2104.0,3682,7146,0.000000000000,0,0,1,4,False,return ret;
526,2104.0,3682,7150,0.000000000000,0,0,1,4,False,"getElementType(XML_Parser parser,"
526,2104.0,3682,7155,0.000000000000,0,0,1,4,False,DTD * const dtd = parser->m_dtd;  /* save one level of indirection */
526,2104.0,3682,7156,0.000000000000,0,0,1,4,False,"const XML_Char *name = poolStoreString(&dtd->pool, enc, ptr, end);"
526,2104.0,3682,7159,0.000000000000,0,0,1,4,False,if (!name)
526,2104.0,3682,7160,0.000000000000,0,0,1,4,False,return NULL;
526,2104.0,3682,7161,0.000000000000,0,0,1,4,False,"ret = (ELEMENT_TYPE *) lookup(parser, &dtd->elementTypes, name, sizeof(ELEMENT_TYPE));"
526,2104.0,3682,7162,0.000000000000,0,0,1,4,False,if (!ret)
526,2104.0,3682,7163,0.000000000000,0,0,1,4,False,return NULL;
526,2104.0,3682,7164,0.000000000000,0,0,1,4,False,if (ret->name != name)
526,2104.0,3682,7165,0.000000000000,0,0,1,4,False,poolDiscard(&dtd->pool);
526,2104.0,3682,7167,0.000000000000,0,0,1,4,False,poolFinish(&dtd->pool);
526,2104.0,3682,7168,0.000000000000,0,0,1,4,False,"if (!setElementTypePrefix(parser, ret))"
526,2104.0,3682,7169,0.000000000000,0,0,1,4,False,return NULL;
526,2104.0,3682,7171,0.000000000000,0,0,1,4,False,return ret;
526,2104.0,3682,7175,0.000000000000,0,0,1,4,False,"copyString(const XML_Char *s,"
526,2104.0,3682,7178,0.000000000000,0,0,1,4,False,int charsRequired = 0;
526,2104.0,3682,7182,0.000000000000,0,0,1,4,False,while (s[charsRequired] != 0) {
526,2104.0,3682,7183,0.000000000000,0,0,1,4,False,charsRequired++;
526,2104.0,3682,7186,0.000000000000,0,0,1,4,False,charsRequired++;
526,2104.0,3682,7189,0.000000000000,0,0,1,4,False,result = memsuite->malloc_fcn(charsRequired * sizeof(XML_Char));
526,2104.0,3682,7190,0.000000000000,0,0,1,4,False,if (result == NULL)
526,2104.0,3682,7191,0.000000000000,0,0,1,4,False,return NULL;
526,2104.0,3682,7193,0.000000000000,0,0,1,4,False,"memcpy(result, s, charsRequired * sizeof(XML_Char));"
526,2104.0,3682,7194,0.000000000000,0,0,1,4,False,return result;
